ID,SubVehID,Choice,Gap,RelativeSpeed,TW
1,9,2,12.053,-0.927,0
2,13,1,16.3285,2.448,1
3,13,3,15.691,1.845,1
4,13,1,15.028,0.999,1
5,36,2,12.903,0.144,0
6,47,3,15.028,0.54,0
7,74,3,14.9345,2.952,1
8,76,3,14.2715,-1.602,1
9,77,3,14.586,3.24,0
10,77,1,16.048,4.257,0
11,78,3,14.4245,1.485,0
12,82,1,14.9515,-1.575,0
13,82,3,15.9885,-0.54,0
14,82,2,15.5125,-0.63,0
15,86,3,16.8045,5.526,1
16,86,3,14.671,-1.179,0
17,87,3,16.303,1.431,0
18,87,3,15.8525,1.089,0
19,95,2,13.192,-3.573,1
20,95,1,15.249,-0.414,1
21,95,1,15.759,-0.495,1
22,98,2,13.651,-2.133,0
23,102,3,13.6595,0.243,0
24,109,3,14.722,2.358,0
25,111,1,15.164,0.054,1
26,111,3,14.331,0.117,1
27,113,3,16.7195,0.387,0
28,122,3,15.555,0.189,0
29,122,3,17.1615,0.801,0
30,125,3,16.83,1.089,1
31,125,2,12.8435,-1.611,0
32,143,1,16.371,1.305,0
33,160,3,16.0905,-0.027,0
34,168,1,13.3875,-3.177,1
35,172,1,13.94,-0.603,0
36,186,1,13.3535,-3.195,0
37,187,3,16.8725,6.516,1
38,193,3,16.0905,1.845,1
39,199,1,16.7025,-0.351,0
40,199,2,14.7815,-0.216,0
41,199,3,16.9915,0.522,0
42,199,1,16.405,-0.387,0
43,199,3,15.6825,1.773,0
44,199,3,16.167,-0.531,0
45,201,2,16.677,0.288,0
46,201,1,12.7245,-2.493,0
47,204,3,19.754,9.504,1
48,204,2,20.0685,10.224,1
49,205,2,14.7305,-3.024,0
50,205,1,16.303,-1.449,0
51,205,3,17.714,1.8,0
52,207,3,17.901,-1.242,0
53,207,1,13.8295,-2.691,0
54,207,3,15.7675,-0.333,0
55,207,3,16.9575,0.702,0
56,209,3,17.7055,-1.242,0
57,209,3,21.0375,2.025,0
58,209,3,18.3005,-0.27,0
59,209,1,15.572,-2.385,0
60,223,1,16.983,0.09,1
61,223,3,17.4505,3.366,1
62,223,3,16.6175,7.884,1
63,231,3,14.62,0,1
64,231,1,16.473,2.403,1
65,231,3,15.6145,2.25,1
66,240,3,13.5065,2.871,1
67,240,3,14.926,3.582,1
68,240,3,13.5745,0.549,1
69,240,3,13.8975,1.89,1
70,242,1,14.9005,-1.377,0
71,242,3,14.6795,0.054,0
72,245,1,14.6285,1.359,1
73,252,3,12.835,-0.693,0
74,255,1,13.3535,-1.836,0
75,256,3,15.2575,0.333,1
76,260,1,13.2515,0.828,1
77,260,1,12.971,-0.531,1
78,260,3,12.002,0.918,1
79,265,3,13.141,0.864,0
80,266,2,14.9345,1.89,1
81,271,1,13.311,-2.898,0
82,278,2,9.86,-4.068,1
83,281,1,12.5035,-4.32,1
84,281,1,12.4355,-3.105,1
85,282,1,13.3705,0.693,1
86,284,3,15.7335,0.882,0
87,284,3,16.796,4.761,0
88,285,1,13.1155,0.522,0
89,285,3,13.9315,1.422,0
90,304,1,15.623,-2.286,1
91,308,3,15.4105,4.419,1
92,310,3,18.666,4.68,1
93,311,3,17.3145,2.268,0
94,311,3,14.6455,0.567,0
95,315,1,16.269,-0.594,0
96,317,2,15.487,3.411,1
97,320,1,16.8215,-0.45,1
98,320,3,17.153,-0.999,1
99,320,3,16.2095,-0.036,1
100,320,1,16.9745,1.044,1
101,320,3,17.374,1.323,1
102,322,2,15.3595,0.468,0
103,323,2,16.15,-2.772,0
104,328,1,14.093,-7.092,0
105,328,3,17.0085,1.764,0
106,334,2,14.6285,-2.205,0
107,339,3,19.074,1.368,0
108,341,3,15.215,1.377,0
109,341,1,16.2605,4.059,0
110,344,3,18.734,2.826,0
111,344,3,15.9885,2.043,0
112,345,1,21.1735,2.979,0
113,345,2,15.657,-2.727,0
114,345,1,15.6145,-0.693,0
115,361,1,12.546,-3.555,0
116,379,1,12.6735,0.576,0
117,380,3,14.4075,1.962,0
118,380,3,13.43,2.295,0
119,383,3,13.7275,0.27,0
120,383,3,12.7585,0.936,0
121,383,3,13.141,0.441,0
122,390,2,14.501,-0.765,0
123,393,1,12.1125,-1.89,0
124,395,2,17.901,1.368,0
125,395,1,12.4355,-0.09,0
126,395,3,13.056,1.143,0
127,396,3,12.6055,0.18,0
128,398,3,15.725,-1.917,0
129,398,1,12.7245,-0.063,0
130,410,1,13.3365,-0.612,0
131,410,3,13.5745,-0.279,0
132,410,1,11.7555,-1.269,0
133,410,3,12.3845,0.09,0
134,457,3,17.561,0.117,0
135,457,1,15.6995,-1.935,0
136,464,1,15.759,3.609,1
137,464,1,18.564,-1.251,0
138,465,1,14.9685,-1.575,0
139,465,1,13.9145,-0.54,0
140,469,2,16.677,1.521,0
141,469,3,16.4985,1.395,0
142,470,1,14.96,-1.188,0
143,471,1,15.4955,-1.152,0
144,472,2,17.3995,4.392,1
145,472,1,16.626,3.222,1
146,473,3,20.2385,4.446,0
147,473,3,17.68,3.105,0
148,473,3,16.66,0.468,0
149,474,1,9.639,-4.014,0
150,477,3,19.0485,3.024,0
151,477,3,14.7305,0.729,0
152,477,3,18.3685,2.439,0
153,480,3,20.689,5.652,1
154,480,1,16.4985,5.454,1
155,480,3,19.0485,1.449,0
156,480,3,18.224,1.656,0
157,480,3,17.0765,0.81,0
158,480,1,14.8665,-2.952,0
159,481,3,16.2435,0.162,0
160,481,1,20.2555,2.466,0
161,488,1,16.4815,-1.053,1
162,488,2,16.116,-0.081,1
163,489,3,17.4845,-0.189,0
164,489,3,17.561,0.351,0
165,493,1,15.062,-2.124,0
166,493,3,15.929,-0.909,0
167,495,3,17.34,1.989,0
168,495,3,16.235,0.45,0
169,495,3,19.5755,5.184,0
170,495,1,15.2745,-0.693,0
171,498,3,17.374,-0.603,0
172,505,1,18.6065,0.639,0
173,515,3,19.1845,2.79,0
174,515,1,13.991,-2.898,0
175,522,1,10.2,-4.968,0
176,531,3,12.3505,0.288,1
177,540,1,17.731,-1.476,0
178,540,3,17.204,-0.693,0
179,540,1,14.416,-3.636,0
180,540,1,15.657,-1.422,0
181,540,3,17.5865,0.351,0
182,543,1,15.6825,-2.088,0
183,543,3,18.53,2.601,0
184,546,3,13.668,-2.988,0
185,546,3,15.47,1.143,0
186,546,1,14.3055,-0.018,0
187,546,3,15.5975,0.972,0
188,553,3,17.5695,4.23,0
189,559,3,14.7475,1.44,0
190,559,2,13.9485,-0.099,0
191,565,3,16.1415,-0.081,0
192,566,3,12.8435,-3.456,0
193,576,3,15.47,2.79,1
194,576,3,14.2885,8.487,1
195,580,1,11.8405,-2.673,0
196,592,3,13.5405,-1.278,0
197,596,3,12.2145,-0.288,0
198,596,1,15.3,-1.251,0
199,605,3,16.9575,2.871,1
200,605,1,16.8895,2.196,1
201,605,3,19.431,11.007,1
202,609,3,17.748,-2.655,0
203,609,1,15.4615,-1.611,0
204,612,1,15.7165,-4.158,0
205,632,3,16.796,7.128,1
206,632,3,16.6345,0.351,0
207,632,1,15.266,-0.846,0
208,641,3,15.6825,-0.441,0
209,641,1,17.595,-0.306,0
210,646,2,15.929,0.198,1
211,646,2,16.1585,-1.476,1
212,646,1,15.232,-1.233,1
213,646,3,15.827,1.386,1
214,646,1,15.385,-0.657,1
215,646,3,15.9885,1.917,1
216,646,3,15.4275,1.215,1
217,646,1,16.5495,3.186,1
218,651,3,16.6685,-0.288,1
219,651,3,17.7565,0.891,0
220,651,3,18.2155,0.171,0
221,652,1,11.6365,-4.617,1
222,652,3,16.1585,1.188,1
223,652,2,14.484,-0.333,1
224,660,1,14.042,-0.783,1
225,663,3,16.405,4.221,1
226,663,3,14.11,-0.846,1
227,667,2,14.1525,-0.504,0
228,667,3,16.3455,0.846,0
229,672,3,15.7165,0.072,0
230,672,1,13.736,-1.134,0
231,672,1,13.43,-0.864,0
232,678,2,13.498,0.072,0
233,678,3,13.005,-0.783,0
234,678,2,14.042,-0.036,0
235,690,1,16.422,-0.27,1
236,690,3,16.2435,-0.621,1
237,690,3,17.5355,1.602,1
238,690,3,17.1275,1.251,1
239,690,3,16.303,1.044,1
240,692,1,16.4135,-0.702,1
241,692,3,17.8585,4.518,1
242,697,3,21.403,2.916,0
243,697,3,17.816,0.486,0
244,699,1,17.544,0.306,1
245,699,3,18.768,2.538,0
246,706,3,17.289,0.027,0
247,706,2,17.612,-0.981,0
248,708,3,18.4705,-0.729,0
249,709,3,17.0595,2.061,1
250,709,3,17.9095,3.375,1
251,713,1,15.5295,-3.402,1
252,713,3,17.7055,0.081,1
253,713,3,16.337,-0.441,0
254,713,1,17.0595,-2.106,0
255,713,1,17.323,-3.618,0
256,716,2,17.4335,0.171,0
257,721,3,18.003,-1.008,0
258,725,3,17.833,0.819,0
259,725,3,16.813,0.027,0
260,725,2,19.6435,0.063,0
261,725,3,16.303,0.117,0
262,728,2,16.286,-3.006,0
263,728,1,15.232,-2.754,0
264,728,3,18.547,2.484,0
265,730,3,19.924,2.718,0
266,730,3,18.955,-0.18,0
267,730,2,17.1955,0.45,0
268,738,3,18.7425,-0.459,0
269,738,3,18.666,-0.243,0
270,744,1,18.7935,-0.405,1
271,744,3,17.952,0.162,1
272,744,1,18.8105,1.161,1
273,744,3,19.108,1.08,1
274,744,3,18.989,2.862,1
275,744,3,18.649,1.539,1
276,744,3,17.238,-0.081,1
277,744,1,17.8925,0.414,0
278,746,3,19.958,-0.126,0
279,746,1,18.5385,-0.486,0
280,752,3,16.796,-1.377,0
281,753,3,19.091,4.374,0
282,753,3,18.1305,3.789,0
283,753,3,18.003,1.332,0
284,754,1,16.779,-4.401,0
285,756,1,15.6145,-0.234,1
286,756,3,16.966,1.206,0
287,758,3,16.201,3.069,1
288,758,3,19.6095,-0.819,0
289,758,3,17.8585,2.655,0
290,758,3,16.643,1.089,0
291,758,3,18.2325,0.189,0
292,766,3,18.6915,0.225,0
293,771,3,18.768,0.441,0
294,771,1,15.725,-1.242,0
295,771,3,18.717,-0.18,0
296,771,3,15.742,-1.989,0
297,773,3,17.289,3.141,1
298,773,3,16.66,-1.557,0
299,773,3,18.632,-0.036,0
300,780,2,16.983,4.968,1
301,783,3,16.337,0.378,1
302,783,3,17.561,5.814,1
303,783,3,16.847,3.069,1
304,783,2,16.048,4.329,1
305,783,3,17.0255,1.809,0
306,784,1,13.651,-1.215,0
307,788,3,16.9405,3.474,1
308,788,3,16.286,0.468,1
309,788,1,15.232,-1.026,1
310,788,3,19.7965,3.969,0
311,788,3,18.0285,1.791,0
312,788,1,15.419,-2.016,0
313,788,3,17.34,-0.09,0
314,804,3,12.8605,5.355,1
315,818,1,13.9145,-2.826,1
316,818,3,14.2375,0.153,1
317,820,1,15.521,-0.297,1
318,820,3,15.8695,2.151,0
319,832,1,14.008,-0.909,0
320,838,2,14.3055,-0.135,0
321,838,3,14.705,1.521,0
322,838,2,13.8805,-1.026,0
323,841,3,14.314,0.648,1
324,846,3,18.36,0.981,0
325,846,1,16.1585,1.782,0
326,846,3,15.929,0.882,0
327,848,2,15.793,-0.594,0
328,848,3,14.858,-1.161,0
329,852,3,17.85,3.438,1
330,853,3,16.15,2.439,1
331,853,3,17.3995,6.57,1
332,853,3,15.283,3.492,1
333,854,1,16.1075,-1.134,1
334,860,3,18.87,0.819,0
335,860,3,17.5695,1.521,0
336,860,3,17.833,2.448,0
337,865,2,17.8415,-0.189,0
338,865,3,17.5865,0,0
339,865,3,15.555,0.387,0
340,865,1,17.3315,-0.639,0
341,867,3,17.3485,-0.396,0
342,867,1,16.473,-0.432,0
343,870,3,17.1955,-0.567,0
344,881,2,16.6855,-2.421,0
345,881,1,17.6715,-0.711,0
346,883,3,16.3965,-0.126,0
347,883,1,14.705,-1.269,0
348,883,3,15.4955,-0.477,0
349,891,3,18.4365,4.491,1
350,891,3,19.159,7.074,1
351,892,3,17.8585,0.225,1
352,893,1,16.796,3.681,1
353,894,3,17.9435,1.323,1
354,894,1,17.221,0.981,1
355,894,2,17.425,0.216,1
356,894,3,17.17,0.621,1
357,894,3,17.3145,0.774,1
358,894,3,16.7535,-0.99,0
359,899,3,14.7475,2.637,1
360,899,2,15.2745,1.971,1
361,899,1,14.297,1.854,1
362,899,3,17.8075,0.531,0
363,899,3,18.6915,2.052,0
364,900,1,13.2005,0.711,1
365,900,3,16.2095,0.702,1
366,900,2,13.3535,1.188,1
367,914,1,14.144,-1.863,1
368,918,3,18.139,3.51,1
369,918,3,16.031,2.529,1
370,918,1,17.595,4.896,1
371,926,3,16.184,1.476,1
372,926,3,17.5185,3.384,1
373,926,3,16.2605,2.385,1
374,926,3,16.864,3.258,1
375,927,3,13.2685,3.42,1
376,927,1,11.22,2.691,1
377,927,1,10.7865,-6.408,0
378,927,1,12.954,-3.186,0
379,933,3,13.8465,0.801,1
380,939,1,14.552,1.818,1
381,939,3,13.8805,1.782,1
382,939,1,15.5805,1.395,0
383,939,3,14.331,0.513,0
384,941,1,10.931,-2.79,1
385,941,1,13.498,0.378,0
386,947,1,12.4185,-1.737,0
387,954,3,13.889,1.467,1
388,968,1,18.5895,3.879,0
389,968,3,16.728,1.404,0
390,969,1,14.926,-1.431,1
391,969,1,13.94,-1.656,1
392,973,1,14.0505,-3.042,0
393,975,3,16.405,-1.566,0
394,975,3,16.2095,-1.521,0
395,975,1,17.85,-0.432,0
396,975,3,17.833,-0.306,0
397,975,2,16.7705,-1.575,0
398,976,3,16.15,0.531,0
399,976,3,14.9515,0.693,0
400,976,1,17.2805,1.404,0
401,978,1,17.136,-7.299,1
402,978,1,17.0085,-4.698,1
403,978,3,15.9205,1.503,0
404,982,1,15.538,-1.269,1
405,982,1,15.436,-0.684,1
406,982,1,15.742,2.178,1
407,982,2,15.878,-0.945,0
408,986,3,17.68,1.476,1
409,986,3,17.731,9.513,1
410,986,1,14.994,-1.917,0
411,991,1,12.614,-5.121,0
412,997,1,14.4415,-0.639,0
413,997,3,16.66,1.08,0
414,1003,1,12.8775,-1.854,0
415,1003,3,15.3,0.909,0
416,1018,1,15.045,3.978,1
417,1018,3,14.5265,4.113,1
418,1018,3,11.8745,2.754,1
419,1018,1,16.6005,-2.781,0
420,1018,1,14.6795,-4.68,0
421,1019,2,16.983,-0.117,1
422,1019,3,16.8895,1.701,1
423,1023,3,15.776,-0.54,0
424,1023,1,16.6855,3.519,0
425,1023,3,16.5325,3.924,0
426,1023,1,16.269,-0.279,0
427,1023,1,15.9545,-0.792,0
428,1024,3,14.501,2.214,1
429,1024,1,14.62,-0.243,1
430,1024,1,14.4245,1.719,1
431,1027,1,16.439,-1.071,0
432,1027,2,13.396,2.25,0
433,1031,3,16.4135,1.449,1
434,1031,3,16.3455,1.584,0
435,1032,3,16.9235,0.585,0
436,1034,2,13.1155,-2.268,1
437,1034,1,13.8635,0.279,1
438,1034,3,12.886,0.765,1
439,1035,3,16.388,1.953,1
440,1035,2,17.2295,4.653,0
441,1035,3,16.252,-0.747,0
442,1037,1,21.0885,8.298,1
443,1037,3,17.204,4.086,0
444,1038,1,16.0905,-1.017,0
445,1045,1,14.518,-1.494,0
446,1046,1,15.895,-1.845,0
447,1046,1,14.977,-4.32,0
448,1046,3,16.32,0.117,0
449,1054,1,12.206,-2.547,1
450,1054,3,13.668,3.96,1
451,1059,3,15.402,0.387,1
452,1059,1,13.7615,2.178,1
453,1059,1,16.167,-1.566,0
454,1069,1,12.41,3.492,1
455,1069,3,11.764,4.014,1
456,1069,2,13.022,5.958,1
457,1071,3,15.589,3.978,1
458,1071,3,15.725,1.845,1
459,1071,3,13.1325,1.944,1
460,1071,1,13.8635,3.987,1
461,1073,3,13.5405,1.89,0
462,1073,1,12.2315,-0.936,0
463,1091,3,13.005,0.063,1
464,1099,1,15.232,0.063,0
465,1099,2,12.9625,0.27,0
466,1100,1,15.2745,-1.098,0
467,1100,1,14.2715,-1.89,0
468,1100,3,15.0365,-1.98,0
469,1100,3,13.991,1.854,0
470,1101,3,18.2835,2.529,0
471,1101,3,15.691,0.081,0
472,1115,1,17.731,2.286,1
473,1115,3,17.1445,4.329,0
474,1122,1,16.9065,-2.637,0
475,1123,1,16.4815,0.036,0
476,1124,2,14.8835,1.341,0
477,1125,3,17.51,1.881,0
478,1125,3,16.7365,0.531,0
479,1130,1,16.5495,-0.99,0
480,1133,1,17.3655,0.369,0
481,1149,3,14.688,-0.801,1
482,1149,3,16.405,2.619,1
483,1149,3,16.524,2.205,1
484,1149,3,16.2775,1.854,1
485,1149,3,14.62,2.484,1
486,1151,3,14.926,0.09,1
487,1151,2,14.8665,-0.108,1
488,1151,3,16.5835,1.35,1
489,1151,1,15.079,0.144,1
490,1154,3,15.844,-0.774,0
491,1154,2,15.1045,-0.567,0
492,1154,3,14.977,0.657,0
493,1157,3,19.72,5.571,0
494,1157,3,14.0845,1.251,0
495,1163,1,13.7445,-1.611,0
496,1163,3,15.181,-0.315,0
497,1167,1,16.218,-1.647,0
498,1167,3,18.1985,0.846,0
499,1171,3,15.13,3.645,1
500,1171,2,13.311,3.555,1
501,1171,3,14.654,4.059,1
502,1171,3,14.7645,2.988,1
503,1171,3,13.175,3.186,1
504,1171,2,13.0645,4.023,1
505,1172,3,16.4985,4.806,1
506,1172,1,15.6825,-2.916,0
507,1172,1,15.147,-1.125,0
508,1172,3,15.453,-2.421,0
509,1178,3,17.51,3.033,0
510,1186,1,17.7055,0.333,1
511,1186,3,17.0255,2.232,1
512,1186,3,15.4785,-0.513,1
513,1190,3,15.453,-0.351,0
514,1190,3,15.623,-0.657,0
515,1190,1,15.3595,-0.558,0
516,1193,3,18.054,3.879,1
517,1193,3,16.6345,2.484,1
518,1193,3,18.734,5.814,1
519,1193,3,17.255,0.45,0
520,1193,2,16.2095,-1.926,0
521,1193,3,16.9915,1.17,0
522,1193,3,16.9745,1.656,0
523,1201,3,14.688,1.503,1
524,1201,1,13.583,0.81,1
525,1201,1,9.248,-5.607,0
526,1225,3,18.309,9,1
527,1225,3,13.192,0.612,0
528,1228,3,20.5105,1.206,1
529,1228,1,16.15,0.675,1
530,1228,3,15.0365,1.512,1
531,1228,3,17.3315,6.48,1
532,1235,3,15.096,-1.314,1
533,1235,3,15.0705,1.404,1
534,1235,1,14.178,-4.482,0
535,1235,2,16.456,-2.556,0
536,1236,1,15.4615,0.522,0
537,1240,1,15.045,-1.935,0
538,1240,3,14.8665,-0.783,0
539,1240,3,15.3255,0.261,0
540,1241,3,17.986,2.286,0
541,1242,3,17.1955,0.117,1
542,1242,2,17.1615,-3.501,1
543,1242,3,17.969,2.97,1
544,1242,3,16.201,-4.599,1
545,1244,3,18.666,3.429,1
546,1245,3,15.4955,1.233,0
547,1245,3,15.4615,1.485,0
548,1249,3,16.932,0.387,1
549,1249,3,17.119,-0.324,0
550,1249,1,17.7735,-0.945,0
551,1249,3,16.558,0.045,0
552,1250,3,17.4335,0.666,0
553,1250,3,17.255,1.08,0
554,1251,3,17.1785,0.261,0
555,1251,3,17.2805,1.611,0
556,1276,3,15.997,-1.368,0
557,1277,1,12.801,0.54,0
558,1279,3,13.702,0.162,0
559,1279,1,15.13,-0.918,0
560,1284,1,17.204,-1.575,1
561,1284,1,14.042,-1.692,1
562,1284,1,14.127,-0.765,1
563,1287,1,14.569,-4.968,1
564,1287,1,14.7135,-3.132,1
565,1291,3,16.847,4.14,1
566,1291,3,15.2745,1.188,0
567,1292,1,14.6795,-0.207,1
568,1292,1,15.3,2.547,1
569,1292,1,13.838,0.081,1
570,1301,1,14.0505,-0.513,1
571,1301,3,13.583,1.611,1
572,1301,3,15.2065,1.8,1
573,1303,3,19.635,4.599,1
574,1303,1,17.5695,-3.942,0
575,1303,2,17.068,-0.927,0
576,1303,3,17.8585,1.116,0
577,1307,1,19.499,4.212,1
578,1307,1,16.915,3.78,1
579,1307,1,16.524,-1.449,0
580,1307,1,16.4475,-0.54,0
581,1308,3,20.366,4.473,1
582,1308,3,17.9775,1.098,1
583,1308,3,17.6035,2.367,1
584,1308,3,16.3625,0.099,1
585,1315,1,17.697,-0.567,0
586,1315,2,15.453,-2.268,0
587,1315,1,16.2605,-0.36,0
588,1315,3,17.986,2.763,0
589,1316,3,16.7535,-0.117,0
590,1319,1,15.623,-3.393,0
591,1324,3,16.7535,-0.378,0
592,1326,1,17.697,-0.837,1
593,1326,3,16.7195,0.711,1
594,1326,3,18.1645,2.484,1
595,1326,2,15.9545,-1.386,0
596,1339,3,21.3945,5.382,0
597,1339,1,15.8015,-1.665,0
598,1344,3,18.6915,1.881,0
599,1344,1,17.5525,-0.162,0
600,1355,1,15.3765,-3.438,0
601,1355,1,16.133,-2.097,0
602,1355,1,16.8725,-1.431,0
603,1355,1,14.6625,-1.71,0
604,1355,3,15.487,-4.482,0
605,1357,1,15.9035,-0.126,1
606,1357,3,17.9265,3.402,1
607,1357,3,16.4815,1.89,1
608,1357,3,15.81,-1.044,0
609,1361,3,15.2065,1.323,0
610,1363,3,17.6885,3.708,1
611,1363,3,15.3425,1.971,1
612,1364,1,14.4245,-3.33,0
613,1364,1,15.64,-0.072,0
614,1366,3,15.572,2.115,1
615,1366,3,15.113,1.323,1
616,1371,1,18.4365,3.618,0
617,1371,3,17.9775,2.898,0
618,1374,3,14.9855,0.009,0
619,1374,2,12.9285,-1.485,0
620,1377,3,19.89,2.511,0
621,1377,1,17.816,-1.197,0
622,1377,3,16.014,-1.242,0
623,1378,2,15.555,-0.765,0
624,1378,3,14.654,-0.864,0
625,1381,1,15.725,1.161,1
626,1381,3,16.6345,3.465,1
627,1381,3,15.759,3.717,1
628,1381,3,17.748,8.037,1
629,1395,1,16.4645,-0.225,1
630,1395,2,17.051,-0.918,1
631,1395,3,16.6515,-0.702,1
632,1395,1,16.337,-0.54,1
633,1395,1,13.141,-2.349,1
634,1395,1,14.637,1.719,1
635,1395,3,15.1215,1.584,1
636,1398,3,17.5355,1.827,1
637,1398,3,16.49,3.024,1
638,1398,3,14.7645,1.314,1
639,1421,3,16.711,1.512,0
640,1421,3,13.328,-0.837,0
641,1426,1,13.8975,-2.736,0
642,1426,1,13.6,-1.179,0
643,1451,3,14.348,-0.198,0
644,1451,3,14.0335,2.934,0
645,1451,3,12.3675,1.494,0
646,1451,3,12.8605,1.998,0
647,1465,3,17.068,2.403,0
648,1465,1,15.9375,-0.189,0
649,1470,1,16.4135,3.834,1
650,1470,3,18.411,6.732,1
651,1470,3,16.6345,7.362,1
652,1476,2,14.756,-0.486,1
653,1476,1,14.025,-0.954,1
654,1476,1,14.008,-1.053,1
655,1476,1,13.991,-0.792,1
656,1476,3,12.2995,-1.899,1
657,1476,3,19.6265,2.925,1
658,1476,1,16.5155,6.435,1
659,1478,3,17.255,0.135,1
660,1478,1,16.7705,0.792,1
661,1478,3,16.456,0.198,1
662,1478,1,15.1895,-1.629,1
663,1478,3,19.584,2.232,1
664,1482,1,14.722,-1.674,1
665,1483,3,15.504,0.819,0
666,1484,3,18.292,1.314,0
667,1489,3,16.3455,0.945,1
668,1489,3,14.6115,0.594,1
669,1489,1,14.841,-0.234,1
670,1492,3,15.4445,0.972,0
671,1492,3,16.0055,0.855,0
672,1499,2,15.2405,2.97,1
673,1510,2,15.9035,-7.407,1
674,1510,2,17.918,1.413,0
675,1510,1,16.3115,-1.512,0
676,1510,1,16.7705,-0.585,0
677,1513,3,16.6855,1.035,0
678,1513,1,15.64,-0.711,0
679,1513,2,14.348,-0.99,0
680,1514,3,16.167,1.305,0
681,1514,3,18.8955,4.815,0
682,1518,3,14.9005,-0.918,0
683,1521,1,17.5525,-1.881,1
684,1521,3,16.694,2.583,1
685,1526,2,14.6795,-4.905,0
686,1526,1,15.6315,-1.449,0
687,1526,2,16.2265,-0.918,0
688,1529,3,16.711,0.612,1
689,1529,3,18.5045,5.202,1
690,1535,1,13.5065,-2.511,0
691,1535,1,13.719,-1.881,0
692,1535,1,14.875,-0.135,0
693,1536,3,17.5865,3.123,1
694,1536,3,17.306,3.069,1
695,1536,3,16.8045,1.458,1
696,1537,2,15.1215,0.432,0
697,1551,3,17.2975,6.759,1
698,1559,1,15.7335,-3.501,1
699,1561,1,14.501,-0.558,0
700,1561,2,15.5125,0.486,0
701,1561,3,15.674,0.864,0
702,1561,1,14.076,-0.612,0
703,1596,3,16.5155,0.234,0
704,1596,1,16.6855,0,0
705,1597,3,17.697,3.438,1
706,1598,3,17.782,1.053,0
707,1603,3,18.1135,1.557,0
708,1603,3,17.323,0.891,0
709,1603,3,18.479,1.791,0
710,1604,1,17.289,-1.017,0
711,1604,1,16.1415,-1.656,0
712,1604,2,17.7735,0.639,0
713,1605,3,19.4055,4.302,1
714,1605,1,17.68,-0.675,0
715,1605,3,17.6375,0.252,0
716,1610,3,18.751,-0.459,1
717,1610,3,17.833,1.674,1
718,1610,3,18.479,0.981,1
719,1610,3,18.496,0.684,1
720,1612,1,16.0905,-1.08,0
721,1612,3,17.2295,0.837,0
722,1612,3,18.717,1.215,0
723,1612,3,17.561,0.405,0
724,1612,3,16.575,0.351,0
725,1617,1,16.8045,-0.81,0
726,1618,1,16.6685,-0.792,0
727,1618,1,16.167,-1.278,0
728,1618,3,16.3455,-1.062,0
729,1620,2,18.2665,-0.54,0
730,1624,1,19.958,3.24,0
731,1633,3,18.7935,2.394,1
732,1633,3,18.0965,2.736,1
733,1633,3,17.986,1.197,0
734,1634,1,19.295,-2.007,1
735,1634,3,16.847,0.315,1
736,1634,3,17.1785,0.855,1
737,1634,1,17.8585,-0.459,0
738,1635,3,17.7225,-0.279,0
739,1635,1,18.1305,-0.099,0
740,1636,2,15.3595,0.513,1
741,1636,1,15.3085,-0.54,1
742,1636,3,17.9945,-0.846,0
743,1636,3,18.9465,0.792,0
744,1639,1,17.102,-0.873,0
745,1640,3,17.6885,0.765,0
746,1641,1,14.9685,-4.77,1
747,1641,1,14.433,-2.538,1
748,1642,3,18.4365,1.917,0
749,1642,3,18.3515,3.159,0
750,1643,1,17.7055,-0.999,0
751,1643,2,17.2465,-1.53,0
752,1644,3,18.19,1.458,0
753,1644,3,16.4305,0.153,0
754,1645,3,18.0115,2.916,0
755,1645,1,16.388,-0.63,0
756,1645,3,17.493,-0.765,0
757,1646,3,18.2665,0.225,0
758,1646,3,15.419,-2.07,0
759,1646,1,16.014,-0.999,0
760,1646,1,16.286,-2.322,0
761,1652,1,13.481,-3.546,0
762,1652,1,13.1325,-2.169,0
763,1653,1,14.3225,-1.314,0
764,1659,3,13.787,-0.684,0
765,1659,3,16.0565,1.935,0
766,1659,3,15.079,1.071,0
767,1661,3,15.1725,1.719,0
768,1664,3,15.759,3.024,1
769,1664,3,16.32,4.491,1
770,1664,1,13.5745,-2.106,0
771,1669,3,16.4305,0.801,1
772,1669,1,15.98,0.792,1
773,1669,3,16.473,0.756,1
774,1669,3,16.0055,1.899,1
775,1669,3,16.2775,1.881,1
776,1669,1,15.793,-0.009,1
777,1672,3,15.0025,1.215,0
778,1675,3,16.048,1.413,0
779,1675,3,15.487,2.079,0
780,1679,3,16.9065,1.665,0
781,1681,3,17.3995,-0.009,0
782,1681,3,17.204,0.981,0
783,1681,3,17.7735,1.431,0
784,1681,2,16.796,0.576,0
785,1681,3,17.8925,1.701,0
786,1684,3,17.221,0.153,0
787,1686,1,15.742,-1.26,1
788,1686,1,15.64,-0.234,1
789,1686,1,13.7785,-0.315,1
790,1693,3,17.68,1.683,1
791,1693,3,18.0625,3.492,1
792,1693,2,17.0765,3.591,1
793,1693,3,16.422,0.099,0
794,1694,3,18.445,1.647,1
795,1694,3,18.887,2.907,1
796,1694,3,17.8245,-0.234,0
797,1694,3,18.7595,1.287,0
798,1703,3,16.507,1.638,1
799,1706,3,15.5125,1.107,1
800,1706,2,17.5185,2.646,1
801,1706,3,16.677,1.08,1
802,1706,1,17.4675,0.126,0
803,1706,3,16.116,-0.369,0
804,1706,1,16.099,-0.198,0
805,1706,1,15.691,-0.225,0
806,1711,2,18.037,1.089,1
807,1711,3,17.374,1.818,1
808,1720,3,16.6515,0.9,1
809,1720,1,15.096,-1.647,1
810,1723,2,16.5665,1.917,0
811,1728,2,16.167,-2.214,0
812,1729,1,16.0565,-1.008,0
813,1729,3,16.5665,-0.846,0
814,1739,1,15.8355,1.458,1
815,1739,2,16.541,-0.351,0
816,1740,1,16.5665,-0.216,0
817,1740,3,17.765,2.268,0
818,1740,3,15.7505,-0.612,0
819,1740,3,17.034,0.945,0
820,1746,3,16.201,-0.468,0
821,1746,3,17.0085,0.837,0
822,1747,3,17.0595,0.99,0
823,1749,3,18.105,3.222,1
824,1749,3,18.7425,1.908,0
825,1750,3,17.7735,0.621,0
826,1750,3,16.677,-0.126,0
827,1750,3,17.034,0.594,0
828,1758,2,7.65,3.708,0
829,1763,1,8.245,-0.792,0
830,1763,1,3.842,-2.376,0
831,1770,3,17.1445,2.016,1
832,1778,1,15.6485,-0.459,1
833,1778,1,15.2065,-2.61,1
834,1778,3,14.926,0.009,1
835,1778,3,13.9825,5.418,0
836,1778,3,17.153,5.067,0
837,1783,1,13.702,-1.818,1
838,1783,3,13.5405,-2.322,1
839,1785,3,15.249,1.629,0
840,1785,1,14.1525,-0.198,0
841,1785,3,15.215,1.098,0
842,1791,3,15.572,1.359,0
843,1791,3,14.807,0.396,0
844,1800,1,14.4415,1.413,1
845,1801,3,19.771,5.292,1
846,1802,1,13.3025,-2.853,1
847,1802,3,15.317,0.603,1
848,1802,3,14.348,-0.999,1
849,1802,3,14.365,0.522,0
850,1807,2,16.3285,0,1
851,1807,3,17.408,2.646,1
852,1807,2,17.374,2.034,1
853,1807,3,16.5665,2.358,1
854,1816,2,15.2405,0.486,0
855,1816,2,15.861,-0.387,0
856,1823,1,14.9175,1.197,1
857,1823,1,14.739,-1.134,1
858,1823,1,13.6,-0.648,1
859,1830,2,13.4045,-1.701,0
860,1830,1,13.175,-1.521,0
861,1831,3,16.439,10.332,1
862,1831,3,16.711,3.168,1
863,1831,3,16.5155,0.243,1
864,1835,1,12.1465,-1.584,1
865,1835,1,16.8385,0.63,0
866,1851,3,12.648,-0.423,1
867,1854,3,13.0135,0.981,1
868,1854,3,12.6395,2.439,1
869,1854,3,13.039,2.619,1
870,1860,3,14.977,2.808,1
871,1860,3,14.45,4.347,1
872,1863,1,14.8835,0.945,0
873,1863,1,12.801,-2.664,0
874,1873,1,17.1275,-1.161,1
875,1873,1,17.085,0.567,1
876,1873,2,17.204,-0.135,1
877,1873,1,16.983,0.234,1
878,1873,3,17.442,0.765,1
879,1873,3,18.1645,1.224,1
880,1873,3,16.575,0.324,0
881,1880,3,16.1585,0.891,1
882,1880,3,16.014,1.152,1
883,1880,3,16.3285,1.458,1
884,1880,1,15.691,0.981,1
885,1880,3,16.0735,1.998,1
886,1881,1,16.32,0.117,0
887,1881,3,16.626,0.819,0
888,1881,3,16.8895,3.375,0
889,1882,1,15.589,-1.413,0
890,1882,3,19.6775,3.582,0
891,1882,3,16.167,0.549,0
892,1889,2,16.201,-0.09,1
893,1889,3,18.0115,1.656,0
894,1889,2,17.1785,0.765,0
895,1902,1,14.722,-2.25,1
896,1902,3,15.402,0.27,0
897,1904,1,15.5295,-2.898,0
898,1904,3,16.371,1.719,0
899,1904,3,15.2065,0.603,0
900,1904,1,15.6315,0.675,0
901,1904,3,15.0875,0.414,0
902,1915,1,12.546,-1.818,1
903,1917,1,11.9935,-1.332,0
904,1918,1,14.2715,1.818,0
905,1935,2,15.198,-0.414,0
906,1940,3,14.8835,-0.009,1
907,1940,1,15.0705,0.54,0
908,1940,3,14.008,0.909,0
909,1960,1,15.3765,0.045,0
910,1962,2,16.711,-0.9,1
911,1962,3,17.6375,0.288,1
912,1962,1,15.8355,-0.036,1
913,1962,3,15.793,-0.117,1
914,1962,1,16.847,0.792,1
915,1962,3,16.116,0.306,1
916,1962,2,17.7565,1.476,1
917,1962,3,18.598,1.863,1
918,1962,3,17.9095,2.151,1
919,1966,3,20.7145,0.594,1
920,1966,2,18.394,1.782,1
921,1966,1,18.5555,0.297,1
922,1966,3,19.601,3.6,1
923,1986,1,15.3425,-0.963,1
924,1986,1,16.456,-1.836,1
925,1986,2,15.9375,0.333,1
926,1986,1,14.263,-0.288,1
927,1986,2,13.005,-0.756,0
928,1986,3,12.835,-1.269,0
929,1987,3,16.1415,1.593,0
930,1987,3,15.6655,2.043,0
931,1987,2,14.739,-0.792,0
932,1987,3,16.456,-0.252,0
933,1987,1,15.0195,-0.981,0
934,1990,3,16.6515,-0.315,0
935,1996,3,15.4105,1.314,1
936,1996,2,15.572,1.08,1
937,1996,1,17.3995,2.142,1
938,1996,3,17.833,1.566,1
939,1996,3,15.572,2.7,1
940,2008,1,13.4215,-3.591,1
941,2046,1,14.858,-2.403,0
942,2046,1,14.2205,-0.369,0
943,2049,3,14.637,-0.234,0
944,2052,1,14.3735,-1.224,0
945,2052,1,14.127,-1.179,0
946,2056,3,16.4475,-0.405,1
947,2056,3,16.0225,2.511,1
948,2056,3,16.2605,-1.278,1
949,2056,3,16.3795,3.024,1
950,2056,3,17.408,3.753,1
951,2062,3,16.031,1.674,1
952,2062,1,14.7645,0.423,1
953,2062,3,14.6795,0.504,1
954,2062,3,16.1925,1.566,1
955,2062,1,15.283,0.432,1
956,2065,1,15.5975,-0.9,0
957,2065,3,15.5295,-0.189,0
958,2065,3,15.827,-0.423,0
959,2066,1,12.801,-5.418,0
960,2066,1,15.0195,-1.449,0
961,2075,3,14.4075,1.269,1
962,2075,3,14.5605,1.278,1
963,2075,3,14.416,2.313,1
964,2077,2,14.467,0.243,0
965,2077,1,13.889,-0.738,0
966,2077,1,13.6,-0.612,0
967,2086,3,15.266,2.682,1
968,2086,3,14.2375,0.081,0
969,2086,1,13.8125,-0.639,0
970,2097,1,13.5575,1.107,1
971,2102,2,14.1695,-0.189,1
972,2102,1,14.3225,-1.089,1
973,2102,3,13.413,0.522,1
974,2105,3,14.314,-0.909,0
975,2117,3,17.4335,2.286,0
976,2123,3,13.9995,-1.017,1
977,2129,1,13.379,-0.792,1
978,2129,3,13.7785,0.414,1
979,2129,3,13.787,1.314,0
980,2136,1,13.4895,-0.324,1
981,2136,1,13.056,-0.819,1
982,2137,2,14.4755,0.792,1
983,2137,3,14.45,-0.783,1
984,2137,2,19.2185,6.084,1
985,2137,3,15.0195,2.493,1
986,2137,3,14.9855,3.015,0
987,2138,1,12.954,-3.357,1
988,2138,3,14.8325,-0.45,1
989,2138,1,14.773,-0.27,1
990,2138,1,13.158,-3.024,1
991,2138,1,14.943,-0.36,1
992,2146,3,17.0935,0.99,0
993,2146,3,17.119,1.377,0
994,2147,3,16.6175,0.486,1
995,2147,1,13.668,-2.457,1
996,2147,1,14.9855,-0.504,1
997,2153,3,16.4985,3.897,1
998,2153,3,17.1105,3.753,1
999,2153,3,16.3115,2.763,1
1000,2162,1,15.3,2.61,1
1001,2162,1,13.787,0.054,1
1002,2162,3,14.246,2.295,1
1003,2165,3,15.555,-0.189,1
1004,2165,2,16.0905,1.98,1
1005,2165,1,15.8525,1.08,1
1006,2165,3,15.6825,0.27,1
1007,2165,1,15.3765,0.342,1
1008,2166,3,14.909,1.188,0
1009,2166,2,12.6735,-0.657,0
1010,2166,1,13.396,-0.9,0
1011,2170,3,15.249,0.396,1
1012,2170,1,16.507,-0.162,0
1013,2170,3,15.368,0.036,0
1014,2171,1,13.022,-2.007,0
1015,2172,3,19.72,5.346,1
1016,2172,3,17.7565,2.529,0
1017,2178,3,18.734,3.771,1
1018,2181,3,13.821,-2.448,1
1019,2190,1,12.8435,-1.494,1
1020,2190,2,13.5405,1.512,1
1021,2190,3,15.4105,3.582,1
1022,2197,1,14.9005,-0.405,1
1023,2197,3,16.4135,0.963,1
1024,2218,3,15.538,-1.341,1
1025,2218,3,16.779,0.729,1
1026,2218,2,17.6715,1.566,1
1027,2220,1,14.4245,1.026,1
1028,2220,1,14.433,0.882,1
1029,2222,1,13.243,-2.439,0
1030,2231,2,11.6705,1.026,1
1031,2231,3,12.4355,1.494,1
1032,2231,2,11.1605,0.702,1
1033,2236,1,14.637,-2.583,1
1034,2236,1,13.4555,-1.044,0
1035,2236,1,13.5235,-1.593,0
1036,2237,3,15.963,1.323,0
1037,2237,2,14.739,0.108,0
1038,2237,3,14.841,0.738,0
1039,2239,3,13.277,4.455,1
1040,2239,1,13.039,4.932,1
1041,2240,1,13.1495,-1.791,0
1042,2240,1,14.28,-0.009,0
1043,2250,3,16.6175,2.421,1
1044,2250,3,15.4955,0.864,1
1045,2250,1,15.6145,1.323,1
1046,2250,3,15.6655,1.602,1
1047,2250,3,16.813,2.547,1
1048,2250,2,15.198,0.693,1
1049,2263,1,13.5235,0.45,1
1050,2263,2,13.243,1.449,1
1051,2280,1,15.2745,-1.53,1
1052,2280,2,16.082,2.34,1
1053,2280,3,14.994,1.098,1
1054,2280,1,15.5805,0.927,1
1055,2280,3,16.337,1.953,1
1056,2286,1,15.079,-0.135,0
1057,2293,2,16.5835,-2.358,0
1058,2296,3,15.3,-3.816,0
1059,2297,1,15.0535,-0.873,0
1060,2297,1,16.405,0.351,0
1061,2297,3,16.2945,0.549,0
1062,2311,1,16.8045,-0.729,1
1063,2311,3,15.5465,2.853,1
1064,2311,3,17.935,0.981,1
1065,2311,3,16.507,1.44,1
1066,2311,3,16.541,0.549,1
1067,2311,3,16.745,4.32,1
1068,2311,3,16.0565,2.106,1
1069,2311,1,15.8865,-1.746,0
1070,2314,1,15.1725,-0.936,0
1071,2314,1,17.051,-0.621,0
1072,2316,2,13.3365,-0.261,1
1073,2318,3,15.2405,1.836,0
1074,2318,1,12.801,-1.143,0
1075,2318,1,10.71,-2.808,0
1076,2318,3,12.886,0.063,0
1077,2325,3,14.62,1.287,0
1078,2325,3,14.45,-0.225,0
1079,2326,2,16.0905,-1.746,1
1080,2326,1,15.0875,-0.108,1
1081,2326,2,14.6625,-0.936,1
1082,2326,1,14.79,1.332,1
1083,2330,3,17.2805,0.396,0
1084,2331,3,15.4955,-2.907,0
1085,2331,1,15.8695,-2.151,0
1086,2331,1,14.3735,-1.845,0
1087,2331,1,14.467,-1.044,0
1088,2336,3,13.498,-4.473,1
1089,2336,1,14.8835,-2.331,1
1090,2336,2,17.6715,0.054,0
1091,2351,1,14.4585,-3.24,1
1092,2351,2,16.1245,-0.648,1
1093,2351,3,15.9715,0.846,1
1094,2351,1,14.7305,0.297,1
1095,2353,1,13.6765,-2.304,0
1096,2353,1,14.0675,1.296,0
1097,2357,2,14.0675,-0.495,0
1098,2357,3,15.504,0.549,0
1099,2357,3,16.048,-0.063,0
1100,2357,2,13.8295,0.486,0
1101,2357,3,15.3765,1.791,0
1102,2358,3,15.6995,1.89,0
1103,2358,1,15.759,-0.072,0
1104,2366,1,14.025,-0.18,1
1105,2366,1,14.926,1.404,1
1106,2366,3,14.399,1.638,1
1107,2366,2,15.5975,-0.513,1
1108,2373,3,16.031,1.251,0
1109,2373,3,13.464,-0.261,0
1110,2373,3,13.9995,1.44,0
1111,2380,3,15.028,3.06,1
1112,2382,2,14.3905,3.114,1
1113,2382,3,14.773,2.619,1
1114,2382,2,14.9345,2.835,1
1115,2382,3,14.603,3.159,1
1116,2382,3,14.5435,3.474,1
1117,2385,1,16.1075,-0.36,1
1118,2388,3,18.6915,3.024,1
1119,2388,3,17.1615,2.385,1
1120,2388,1,17.1785,0.756,1
1121,2388,3,17.493,1.737,1
1122,2391,3,15.504,8.478,1
1123,2391,3,15.4275,-1.017,0
1124,2392,3,18.7765,4.212,0
1125,2392,3,17.6885,2.871,0
1126,2392,3,13.736,-3.042,0
1127,2392,1,14.858,-1.503,0
1128,2392,3,15.572,-0.846,0
1129,2399,1,14.2205,0.954,1
1130,2399,1,14.3055,-0.405,1
1131,2399,1,14.0845,-0.162,1
1132,2417,3,15.8695,0.612,1
1133,2417,3,14.1695,0.747,1
1134,2417,3,13.753,0.783,1
1135,2417,1,15.215,0.549,1
1136,2417,2,13.3365,1.494,1
1137,2421,1,15.4275,-0.306,1
1138,2424,1,15.4955,-0.054,1
1139,2424,3,14.756,3.492,1
1140,2425,1,15.4785,-0.738,1
1141,2428,1,13.345,-0.189,1
1142,2428,1,13.1835,-0.432,1
1143,2428,3,15.3085,0.585,0
1144,2434,1,17.2635,4.626,0
1145,2435,1,14.246,1.125,0
1146,2438,1,13.753,-1.08,0
1147,2438,2,13.804,0.198,0
1148,2446,3,17.1105,0.063,0
1149,2449,1,17.714,-2.169,0
1150,2454,3,17.425,1.143,0
1151,2454,3,16.5495,0.351,0
1152,2454,1,16.8555,1.674,0
1153,2464,2,12.8095,-2.682,0
1154,2465,1,15.623,2.475,1
1155,2465,3,15.3425,0.99,1
1156,2465,3,19.0825,-1.152,0
1157,2465,3,19.312,-0.486,0
1158,2465,3,18.4535,-1.026,0
1159,2466,1,15.011,-3.105,1
1160,2466,1,14.603,-2.304,1
1161,2467,3,16.8385,2.763,1
1162,2467,1,16.898,2.241,1
1163,2467,3,18.139,-0.036,0
1164,2467,3,17.4505,0.369,0
1165,2467,3,19.754,2.088,0
1166,2467,3,18.3005,0.801,0
1167,2469,1,16.3115,-0.954,0
1168,2479,3,15.2915,-0.54,0
1169,2481,2,16.286,-1.188,1
1170,2481,3,15.1895,0.108,0
1171,2484,2,14.4245,-1.539,0
1172,2488,3,17.0935,0.135,0
1173,2488,3,17.0255,0.144,0
1174,2488,3,16.3625,0.351,0
1175,2488,1,15.9885,-0.972,0
1176,2490,3,17.425,-0.243,0
1177,2490,3,17.255,0.171,0
1178,2505,1,12.614,-2.304,1
1179,2505,1,13.549,-1.593,1
1180,2508,2,15.3765,-3.816,0
1181,2508,1,16.405,-1.647,0
1182,2517,1,14.025,0.549,1
1183,2521,1,14.671,-0.936,1
1184,2521,2,15.7505,2.52,1
1185,2521,3,15.8015,4.113,1
1186,2529,3,17.4335,2.457,1
1187,2529,3,16.184,1.989,1
1188,2529,3,14.2035,-0.045,1
1189,2529,1,14.773,2.106,1
1190,2533,1,15.3765,-1.314,1
1191,2533,3,16.9405,4.959,1
1192,2533,1,15.1895,0.18,0
1193,2533,3,15.9885,1.269,0
1194,2533,3,14.2375,0.549,0
1195,2534,2,14.4585,-1.899,0
1196,2540,1,12.1125,-6.525,0
1197,2540,1,14.6795,-0.549,0
1198,2540,3,13.991,-0.261,0
1199,2545,3,16.8895,4.068,1
1200,2548,2,18.887,8.793,1
1201,2548,3,21.301,4.707,0
1202,2548,2,14.943,-1.341,0
1203,2548,1,14.127,-1.62,0
1204,2559,1,15.2575,-2.07,1
1205,2559,1,13.243,-2.637,0
1206,2559,3,23.97,7.587,0
1207,2560,3,16.201,3.321,1
1208,2560,3,15.572,-0.513,1
1209,2562,3,15.3595,0.126,1
1210,2562,1,14.9515,-1.431,0
1211,2562,2,15.47,-0.387,0
1212,2565,1,16.4305,-2.178,0
1213,2565,2,16.439,-1.368,0
1214,2580,3,16.898,2.241,0
1215,2580,1,14.2035,-0.918,0
1216,2580,1,15.487,2.07,0
1217,2584,1,12.784,-0.18,1
1218,2586,3,13.1325,-0.09,0
1219,2586,3,16.847,3.051,0
1220,2588,1,16.0395,2.223,0
1221,2588,3,16.643,3.87,0
1222,2589,1,12.988,-3.384,1
1223,2589,3,15.7845,4.536,1
1224,2589,2,14.9855,2.88,1
1225,2589,1,13.838,1.107,0
1226,2597,3,13.362,1.305,0
1227,2599,3,14.365,1.971,0
1228,2606,3,17.3145,1.215,0
1229,2606,1,11.6875,-1.566,0
1230,2607,3,19.754,9.423,0
1231,2607,3,15.8695,2.952,0
1232,2608,3,14.2885,-2.745,0
1233,2608,3,15.028,-1.062,0
1234,2609,3,15.419,-2.286,1
1235,2609,2,15.079,-2.403,1
1236,2609,1,14.399,0.495,0
1237,2610,3,18.3005,5.787,1
1238,2610,1,18.037,-3.627,0
1239,2610,1,16.3965,-2.187,0
1240,2610,3,15.6145,-2.295,0
1241,2610,3,17.4845,-0.594,0
1242,2611,1,15.113,-0.648,0
1243,2611,2,14.7985,-2.619,0
1244,2613,3,17.9435,1.998,1
1245,2613,3,17.5695,1.251,1
1246,2613,3,17.323,2.745,1
1247,2613,3,16.235,0.369,0
1248,2621,3,17.102,0.018,1
1249,2621,1,14.518,-3.177,0
1250,2621,1,16.3285,-1.485,0
1251,2633,3,16.099,3.78,1
1252,2633,1,15.7505,2.133,1
1253,2633,3,14.586,3.087,1
1254,2653,3,14.484,-0.207,0
1255,2655,2,13.209,-2.25,0
1256,2655,3,15.4955,1.44,0
1257,2655,1,14.9685,-0.18,0
1258,2663,3,18.2495,0.882,0
1259,2670,1,15.4785,-0.027,1
1260,2677,3,18.1305,1.692,1
1261,2677,3,17.731,3.861,1
1262,2677,3,16.065,1.206,0
1263,2680,3,18.428,4.023,1
1264,2680,1,16.6175,-1.107,1
1265,2680,1,16.6005,-0.252,1
1266,2680,1,15.657,-0.576,1
1267,2680,1,15.64,-1.017,1
1268,2680,3,14.926,-0.135,1
1269,2680,3,15.1385,6.381,1
1270,2684,2,17.4335,-0.648,1
1271,2684,1,14.637,-0.288,1
1272,2684,2,15.011,0.486,1
1273,2684,3,15.147,-0.45,1
1274,2684,1,13.532,0.288,1
1275,2685,1,14.399,-3.204,0
1276,2685,3,15.7505,0.756,0
1277,2685,1,13.6085,-1.215,0
1278,2685,1,15.2235,-0.873,0
1279,2686,2,15.351,-0.693,1
1280,2686,1,14.858,0.045,1
1281,2686,1,14.8325,-2.322,0
1282,2689,3,16.677,0.036,0
1283,2689,1,14.161,-1.926,0
1284,2694,1,12.8265,-0.108,1
1285,2694,1,14.501,-1.89,0
1286,2701,1,15.011,-2.34,1
1287,2702,3,13.94,1.098,0
1288,2702,1,14.212,3.375,0
1289,2709,1,16.983,-1.89,0
1290,2709,2,15.6655,0.297,0
1291,2709,3,14.909,-0.27,0
1292,2711,1,15.045,-0.396,0
1293,2711,3,14.705,-0.774,0
1294,2711,3,17.1615,1.269,0
1295,2719,3,18.275,1.818,0
1296,2727,3,16.2605,1.71,1
1297,2727,1,16.728,7.38,1
1298,2728,3,16.2945,1.503,0
1299,2730,1,14.144,-1.836,0
1300,2730,3,14.586,-1.845,0
1301,2730,2,16.1075,-0.72,0
1302,2730,1,15.8015,-0.954,0
1303,2737,3,14.5775,-0.027,1
1304,2737,3,15.4615,4.374,1
1305,2739,1,12.121,-3.888,0
1306,2739,2,13.26,-2.61,0
1307,2755,3,17.6035,3.762,0
1308,2755,3,13.9485,-0.666,0
1309,2755,3,15.6145,0.657,0
1310,2757,1,11.492,-3.591,0
1311,2757,3,13.8635,0.54,0
1312,2758,2,16.1585,1.431,0
1313,2759,1,13.6765,-0.171,0
1314,2760,3,15.1045,1.71,0
1315,2760,1,14.858,1.053,0
1316,2761,3,18.751,-0.558,0
1317,2761,3,18.581,1.116,0
1318,2763,3,16.949,-1.368,0
1319,2763,1,14.4585,-3.204,0
1320,2770,1,14.5265,-1.944,1
1321,2770,3,14.4925,1.197,1
1322,2781,1,12.546,0.252,0
1323,2784,3,14.1185,4.05,1
1324,2784,1,16.8385,4.14,0
1325,2784,3,13.991,1.404,0
1326,2790,1,14.416,-1.35,1
1327,2802,3,16.881,1.44,1
1328,2802,3,17.7905,1.62,1
1329,2802,3,16.507,1.737,1
1330,2802,3,17.4675,2.79,1
1331,2804,3,15.232,5.895,1
1332,2804,2,13.396,1.224,1
1333,2804,3,14.1695,-0.675,0
1334,2804,2,14.5265,-0.153,0
1335,2805,1,18.02,-0.567,1
1336,2805,1,16.847,0.639,1
1337,2805,3,16.728,0.666,1
1338,2805,3,16.881,0.594,1
1339,2805,1,16.541,-0.36,0
1340,2805,3,19.1845,3.042,0
1341,2811,3,14.7135,1.458,0
1342,2814,3,17.119,-0.522,0
1343,2815,3,16.167,0.459,0
1344,2816,3,14.45,-0.846,1
1345,2816,3,17.612,3.348,1
1346,2816,3,16.2775,0.279,0
1347,2816,1,16.337,-0.72,0
1348,2817,1,15.878,-0.585,1
1349,2817,2,16.3625,-0.333,1
1350,2817,1,16.4305,0.585,1
1351,2817,2,15.47,-2.412,0
1352,2820,3,17.5695,-0.657,0
1353,2820,3,19.8475,2.367,0
1354,2820,3,18.1645,1.872,0
1355,2821,1,16.048,-2.124,0
1356,2821,3,18.5045,2.277,0
1357,2823,3,18.836,2.61,0
1358,2823,3,14.9175,-1.449,0
1359,2823,3,16.405,-0.378,0
1360,2823,1,18.0965,2.169,0
1361,2827,3,17.391,2.655,0
1362,2827,3,16.303,2.862,0
1363,2830,1,13.277,-3.267,1
1364,2830,1,14.756,-3.555,0
1365,2836,1,10.795,-5.823,0
1366,2836,3,15.453,0.108,0
1367,2837,3,17.493,1.197,1
1368,2837,3,15.9715,0.234,1
1369,2837,3,19.414,5.715,1
1370,2837,3,16.49,2.016,1
1371,2837,3,16.15,1.143,1
1372,2840,2,15.385,-4.266,0
1373,2841,3,14.518,1.071,0
1374,2859,3,17.255,1.269,0
1375,2859,3,17.068,1.836,0
1376,2861,1,13.209,-1.737,0
1377,2871,3,16.9235,1.386,0
1378,2871,1,16.7025,2.421,0
1379,2871,1,13.77,-1.548,0
1380,2873,1,15.1045,-1.764,0
1381,2875,1,14.3735,-1.368,0
1382,2875,2,14.756,-0.369,0
1383,2883,3,15.1555,2.079,1
1384,2883,1,16.0735,1.647,1
1385,2883,3,18.717,4.248,1
1386,2885,3,16.5155,0,1
1387,2885,3,16.5835,2.817,1
1388,2885,3,16.9915,-4.905,0
1389,2886,3,16.5665,2.718,1
1390,2886,1,15.827,0.837,1
1391,2886,3,16.6175,1.566,1
1392,2890,2,18.8955,3.843,1
1393,2890,3,16.218,-0.027,1
1394,2890,1,16.048,-1.62,1
1395,2896,1,15.47,-1.197,0
1396,2901,1,18.836,3.582,1
1397,2901,1,15.589,2.763,1
1398,2904,3,15.776,-0.9,0
1399,2904,1,15.385,-1.314,0
1400,2910,2,15.351,0.666,0
1401,2915,1,16.932,-2.421,0
1402,2915,3,16.065,0.675,0
1403,2916,1,13.0475,-2.853,0
1404,2917,1,14.3905,0.648,0
1405,2917,3,17.833,5.247,0
1406,2917,3,18.0625,6.705,0
1407,2918,1,11.7215,-1.917,0
1408,2939,1,14.943,2.772,1
1409,2939,3,15.3595,3.789,1
1410,2939,3,15.3595,1.926,1
1411,2939,2,14.671,-2.844,0
1412,2939,1,15.5805,-1.854,0
1413,2939,3,15.147,2.484,0
1414,2947,3,16.4135,-1.134,0
1415,2947,2,15.929,-1.863,0
1416,2950,2,17.8245,5.832,1
1417,2950,3,17.2295,0.099,1
1418,2950,3,16.5665,1.35,1
1419,2950,3,16.7875,2.619,1
1420,2950,1,17.1445,3.339,1
1421,2961,1,15.708,-1.188,1
1422,2961,2,13.7105,-1.674,0
1423,2961,1,14.62,-1.683,0
1424,2961,3,16.1245,0.963,0
1425,2964,1,15.538,-0.549,0
1426,2964,3,17.0255,1.692,0
1427,2964,3,16.9575,2.088,0
1428,2964,3,17.629,3.654,0
1429,2986,3,15.0875,0.072,1
1430,2986,1,14.569,0.549,1
1431,2986,3,14.926,0.792,1
1432,2986,1,17.765,5.643,1
1433,2991,3,15.895,2.286,1
1434,2991,1,13.991,-1.332,0
1435,2991,1,15.9375,-0.45,0
1436,2999,3,14.5775,0.819,1
1437,2999,3,15.1555,4.626,1
1438,3002,3,14.365,1.98,1
1439,3002,3,16.218,4.842,1
1440,3002,2,16.3285,4.86,1
1441,3002,1,16.2095,4.905,1
1442,3003,3,15.4615,-0.207,0
1443,3005,1,12.138,-5.256,0
1444,865,2,13.9995,-4.527,0
1445,865,1,17.068,-0.81,0
1446,865,1,14.6285,-1.935,0
1447,867,1,16.592,-0.666,0
1448,870,3,17.3485,-0.882,0
1449,881,1,14.6965,-1.575,0
1450,883,2,15.2065,-1.251,0
1451,883,1,16.5155,-1.683,0
1452,891,1,14.059,-1.413,0
1453,891,1,16.0055,-0.72,0
1454,891,1,15.351,-2.241,0
1455,892,2,17.306,-1.017,0
1456,893,3,14.9345,-1.764,0
1457,894,1,14.926,-4.689,0
1458,899,1,13.7955,-3.168,0
1459,926,2,14.2035,-2.754,0
1460,926,1,16.15,0.747,0
1461,926,3,16.0225,1.701,0
1462,941,1,10.4805,-4.509,0
1463,946,3,13.9315,0.702,0
1464,947,1,8.755,-7.371,0
1465,947,1,9.7495,-2.466,0
1466,947,1,8.415,-4.149,0
1467,947,3,12.3335,1.278,0
1468,964,3,11.8745,-3.411,0
1469,964,1,14.7305,-1.071,0
1470,968,2,15.1725,1.305,0
1471,968,3,15.1555,0,0
1472,973,3,14.773,-2.988,0
1473,973,3,15.623,-0.612,0
1474,976,1,14.348,-0.801,0
1475,976,1,14.8155,-1.989,0
1476,978,1,13.702,-1.8,0
1477,978,2,12.257,-3.951,0
1478,978,1,13.073,-2.709,0
1479,982,1,15.6145,-2.196,0
1480,986,3,14.62,-2.619,0
1481,991,1,14.8325,-3.069,0
1482,991,1,15.045,-0.351,0
1483,992,3,15.181,-0.126,0
1484,992,1,13.787,-1.908,0
1485,997,1,13.8635,-2.313,0
1486,997,3,15.5295,0.207,0
1487,997,1,14.2205,-0.333,0
1488,997,1,11.7895,-3.222,0
1489,1003,2,15.215,-2.835,0
1490,1018,1,13.311,-6.975,0
1491,1024,1,13.3535,-6.399,0
1492,1025,3,11.5685,-6.372,0
1493,1032,3,17.102,-0.234,0
1494,1032,1,15.5125,-0.954,0
1495,1032,1,16.337,-1.107,0
1496,1035,3,15.878,-3.24,0
1497,1035,1,15.7845,-2.448,0
1498,1035,3,15.4445,-2.79,0
1499,1035,2,14.926,-3.537,0
1500,1037,1,13.396,0.288,0
1501,1042,1,13.923,-4.779,0
1502,1042,1,14.3055,-4.023,0
1503,1042,1,14.365,-3.51,0
1504,1046,3,14.875,-2.079,0
1505,1046,1,14.2885,-1.872,0
1506,1046,3,16.201,0.216,0
1507,1046,1,14.96,-1.278,0
1508,1055,3,15.062,-0.891,0
1509,1055,1,13.8975,-2.763,0
1510,1100,2,12.5545,1.026,0
1511,1101,1,13.2345,-3.015,0
1512,1115,3,17.017,-0.288,0
1513,1115,3,17.2125,1.395,0
1514,1118,2,19.856,-0.117,0
1515,1118,1,12.0785,-3.078,0
1516,1118,1,12.699,-2.592,0
1517,1122,3,15.2575,-0.432,0
1518,1122,3,15.5635,0.423,0
1519,1123,3,14.8495,-0.036,0
1520,1125,3,15.7505,-0.765,0
1521,1130,3,15.6825,0.612,0
1522,1130,2,13.4555,-2.754,0
1523,1133,1,15.623,-1.485,0
1524,1133,3,15.9715,0.909,0
1525,1154,2,13.753,-1.089,0
1526,1163,1,13.9145,-2.421,0
1527,1167,1,14.7645,-2.025,0
1528,1172,3,13.515,-4.365,0
1529,1176,1,14.093,-2.619,0
1530,1190,1,14.943,-1.656,0
1531,1190,3,15.572,-0.945,0
1532,1193,2,15.6485,-1.395,0
1533,1215,1,9.2905,-14.301,0
1534,1229,2,12.0275,-7.353,0
1535,1232,1,13.7105,-3.321,0
1536,1235,3,17.255,-0.081,0
1537,1236,1,14.875,-2.241,0
1538,1236,3,16.4305,5.472,0
1539,1236,1,14.8835,-1.665,0
1540,1239,3,15.827,-7.317,0
1541,1241,3,15.9885,0.423,0
1542,1241,1,14.756,-2.808,0
1543,1241,2,14.0505,-1.872,0
1544,1241,1,15.2745,-1.8,0
1545,1241,1,13.345,-1.719,0
1546,1242,1,14.6285,-3.681,0
1547,1244,2,17.731,-1.116,0
1548,1245,3,13.6935,-1.548,0
1549,1249,2,15.385,-2.52,0
1550,1249,3,16.2775,0.828,0
1551,1250,1,16.3965,-0.612,0
1552,1250,3,15.9035,-1.26,0
1553,1251,3,16.677,-0.684,0
1554,1251,2,17.119,1.359,0
1555,1259,3,15.4105,0.099,0
1556,1276,1,14.0165,-5.697,0
1557,1276,3,13.056,0.279,0
1558,1277,1,12.0955,-0.99,0
1559,1291,1,13.345,-2.07,0
1560,1303,1,15.47,-3.114,0
1561,1303,1,16.0225,-1.476,0
1562,1307,1,14.5605,-6.012,0
1563,1307,1,15.113,-2.034,0
1564,1316,3,14.637,-0.783,0
1565,1324,1,15.198,-1.53,0
1566,1324,1,14.2715,-4.059,0
1567,1324,3,17.34,2.862,0
1568,1326,3,14.858,-3.753,0
1569,1344,3,18.5555,1.368,0
1570,1344,2,15.215,-1.314,0
1571,1351,1,15.4275,-1.116,0
1572,1355,1,15.0195,-4.473,0
1573,1357,3,13.9315,-1.179,0
1574,1360,1,13.124,-2.133,0
1575,1363,3,16.15,1.692,0
1576,1364,2,13.09,-4.653,0
1577,1364,1,13.6,-2.475,0
1578,1364,1,13.311,-1.35,0
1579,1364,1,13.9655,-1.692,0
1580,1371,2,15.4445,0.243,0
1581,1371,1,15.181,-0.567,0
1582,1371,3,15.3085,0.207,0
1583,1373,1,13.3195,-3.114,0
1584,1374,1,13.7275,-2.709,0
1585,1374,2,13.8465,-2.484,0
1586,1377,1,8.4065,-6.804,0
1587,1381,2,15.3935,0.783,0
1588,1451,3,11.0925,-1.665,0
1589,1451,1,11.3135,0.207,0
1590,1465,1,14.943,-1.809,0
1591,1465,2,14.722,-0.333,0
1592,1465,3,16.201,0.324,0
1593,1479,1,9.1375,-8.001,0
1594,1482,3,14.297,-4.068,0
1595,1483,1,13.379,-3.951,0
1596,1483,1,13.056,-1.638,0
1597,1483,2,13.396,-4.113,0
1598,1484,1,15.1215,-4.302,0
1599,1510,1,15.419,-1.233,0
1600,1514,3,15.232,-2.511,0
1601,1518,1,14.127,-2.772,0
1602,1526,2,15.895,0.351,0
1603,1526,2,14.943,-1.431,0
1604,1535,3,12.24,-2.772,0
1605,1551,1,11.594,-3.969,0
1606,1597,3,15.232,-2.646,0
1607,1597,1,15.8015,-1.341,0
1608,1597,3,16.4475,-1.368,0
1609,1598,2,15.215,-2.214,0
1610,1598,3,17.4165,0.954,0
1611,1598,1,15.5465,-1.692,0
1612,1603,1,15.929,-0.243,0
1613,1604,2,16.0395,-1.206,0
1614,1604,1,15.1895,-2.367,0
1615,1604,2,17.5185,-0.774,0
1616,1604,3,17.7055,0.189,0
1617,1605,3,17.4845,-0.144,0
1618,1612,3,17.6205,-0.018,0
1619,1618,3,16.3285,0.468,0
1620,1620,1,14.484,-2.439,0
1621,1634,1,16.2265,0.522,0
1622,1634,2,16.0055,-2.34,0
1623,1636,1,14.4585,-3.069,0
1624,1640,3,16.796,-2.043,0
1625,1640,3,17.3995,0.855,0
1626,1640,3,17.3145,0.225,0
1627,1640,1,16.3115,-0.306,0
1628,1643,1,15.7505,-3.384,0
1629,1644,3,16.881,0.441,0
1630,1645,2,15.657,-2.772,0
1631,1645,2,14.025,-3.753,0
1632,1646,3,15.3255,-3.771,0
1633,1652,2,16.065,-3.204,0
1634,1659,1,13.515,-1.881,0
1635,1661,1,15.164,-0.945,0
1636,1661,3,14.161,0.405,0
1637,1661,1,14.1355,-1.71,0
1638,1664,1,13.4555,-2.304,0
1639,1664,2,12.9455,-2.052,0
1640,1672,2,15.878,1.539,0
1641,1675,3,15.113,-0.081,0
1642,1675,1,14.5435,-1.224,0
1643,1675,3,14.7305,1.359,0
1644,1694,3,17.629,-0.054,0
1645,1694,1,17.9775,-0.18,0
1646,1703,3,16.9405,0.954,0
1647,1703,1,16.252,-1.386,0
1648,1723,1,17.085,1.575,0
1649,1723,1,16.099,-1.206,0
1650,1724,1,13.974,-3.105,0
1651,1724,2,14.2205,-2.232,0
1652,1724,3,16.796,-0.612,0
1653,1728,2,16.1585,-0.702,0
1654,1729,1,14.688,-1.629,0
1655,1736,1,12.7415,-4.752,0
1656,1740,1,15.7675,-0.702,0
1657,1746,2,16.2775,-0.693,0
1658,1746,3,16.6005,-0.054,0
1659,1750,1,13.413,-4.194,0
1660,1758,1,5.7545,0.405,0
1661,1785,1,13.3025,-1.764,0
1662,1791,1,15.2405,-0.261,0
1663,1816,1,12.5545,-4.797,0
1664,1816,3,12.852,-4.005,0
1665,1822,1,11.0755,-4.905,0
1666,1823,3,15.5805,1.395,0
1667,1830,1,9.146,-5.841,0
1668,1831,3,15.198,3.42,0
1669,1863,2,13.5235,-0.981,0
1670,1876,1,14.5605,-1.512,0
1671,1881,1,14.1015,-2.259,0
1672,1882,3,15.7675,-0.963,0
1673,1882,1,15.504,-2.412,0
1674,1889,1,15.249,-1.323,0
1675,1902,2,15.436,0.009,0
1676,1904,3,14.178,-1.458,0
1677,1916,3,13.447,1.998,0
1678,1916,3,14.246,0.549,0
1679,1917,1,12.8605,-1.863,0
1680,1918,1,14.1185,-0.387,0
1681,1918,3,14.484,2.052,0
1682,1926,1,14.875,-0.108,0
1683,1935,3,14.365,-0.675,0
1684,1940,1,13.8295,-1.098,0
1685,1940,1,13.906,-2.682,0
1686,1996,1,13.8805,-2.754,0
1687,2008,2,14.1355,-4.203,0
1688,2046,3,13.77,-0.036,0
1689,2065,1,14.9855,-1.422,0
1690,2065,2,15.402,-1.26,0
1691,2077,1,13.1155,0.099,0
1692,2086,1,13.787,-0.756,0
1693,2097,3,14.127,-0.468,0
1694,2105,1,12.4355,-1.836,0
1695,2108,1,10.5145,-2.736,0
1696,2123,3,12.1125,-2.799,0
1697,2123,2,13.566,-2.025,0
1698,2146,1,16.2095,-1.143,0
1699,2146,3,16.1415,-0.108,0
1700,2147,1,13.464,-1.926,0
1701,2172,1,13.753,-1.458,0
1702,2181,2,11.9085,-8.109,0
1703,2197,1,15.776,-1.701,0
1704,2236,1,13.2515,-0.918,0
1705,2240,1,12.1465,-4.788,0
1706,2240,1,12.4185,-2.457,0
1707,2286,3,15.1385,0.882,0
1708,2297,3,15.657,-0.711,0
1709,2297,1,15.266,-1.449,0
1710,2314,1,15.7675,-1.476,0
1711,2314,3,16.337,0.477,0
1712,2319,1,15.708,0.909,0
1713,2319,1,13.6,-3.654,0
1714,2325,1,13.6425,0.252,0
1715,2325,1,13.6,-0.828,0
1716,2326,1,15.7335,-3.987,0
1717,2330,3,16.6175,0.216,0
1718,2338,3,15.9035,-0.9,0
1719,2338,1,14.9855,-0.909,0
1720,2338,3,13.906,-3.15,0
1721,2358,1,11.747,-2.457,0
1722,2358,3,15.555,0.018,0
1723,2358,3,15.13,-0.702,0
1724,2385,1,14.7815,-1.854,0
1725,2385,1,15.725,-0.954,0
1726,2385,1,17.221,1.089,0
1727,2424,1,15.4785,-0.99,0
1728,2430,3,9.316,-7.047,0
1729,2434,3,12.954,-1.188,0
1730,2438,2,12.461,-2.736,0
1731,2438,1,13.9485,-0.684,0
1732,2446,3,15.6315,-0.495,0
1733,2449,1,13.175,-2.547,0
1734,2454,2,15.64,-0.477,0
1735,2464,1,14.314,-1.278,0
1736,2469,3,15.4615,-0.846,0
1737,2475,3,15.249,0.099,0
1738,2479,3,14.1525,-0.711,0
1739,2479,1,14.433,-1.386,0
1740,2479,1,16.1585,-1.179,0
1741,2483,3,16.252,0.837,0
1742,2483,1,14.1355,-3.231,0
1743,2484,1,13.0645,-1.908,0
1744,2488,3,14.7645,-3.213,0
1745,2488,1,15.9035,-0.594,0
1746,2488,3,15.878,-0.72,0
1747,2489,1,15.81,-0.567,0
1748,2489,3,16.15,0.495,0
1749,2489,1,15.7335,-0.108,0
1750,2490,2,16.4985,0.153,0
1751,2508,3,19.2865,1.881,0
1752,2533,2,15.351,-0.225,0
1753,2533,3,13.8975,-1.035,0
1754,2533,1,13.0815,-1.557,0
1755,2548,1,13.294,-3.195,0
1756,2559,2,13.192,-5.067,0
1757,2580,1,15.4785,-0.144,0
1758,2588,1,12.2825,-4.662,0
1759,2597,1,11.4155,-1.377,0
1760,2597,1,12.563,1.368,0
1761,2599,1,11.4325,-1.458,0
1762,2599,1,12.325,-1.692,0
1763,2601,3,16.15,1.881,0
1764,2601,1,13.855,-1.134,0
1765,2606,2,11.5345,-0.576,0
1766,2606,1,12.5035,-2.295,0
1767,2606,1,13.1665,-1.026,0
1768,2608,3,12.8775,-4.293,0
1769,2608,1,12.7415,-3.303,0
1770,2609,1,14.535,-5.526,0
1771,2610,3,18.003,0.369,0
1772,2610,2,17.476,-0.171,0
1773,2611,1,12.9285,-1.44,0
1774,2613,2,16.2775,0.261,0
1775,2613,1,14.0335,-3.465,0
1776,2619,3,14.3565,-0.252,0
1777,2619,1,13.158,-1.539,0
1778,2619,1,13.4385,-1.566,0
1779,2619,1,12.325,-2.241,0
1780,2621,3,15.113,-3.294,0
1781,2624,1,14.042,-0.783,0
1782,2633,1,14.1525,-2.61,0
1783,2647,2,11.713,-4.77,0
1784,2648,3,15.011,-1.341,0
1785,2650,1,12.8775,-1.611,0
1786,2653,2,10.4295,-5.427,0
1787,2677,1,15.4105,-3.564,0
1788,2677,3,17.3485,0.099,0
1789,2677,3,17.884,3.933,0
1790,2685,1,14.977,-0.882,0
1791,2685,3,14.8835,0.009,0
1792,2689,3,12.8945,-2.196,0
1793,2689,3,13.3535,-1.602,0
1794,2689,3,14.7475,-0.09,0
1795,2702,1,11.6705,-2.169,0
1796,2709,1,15.045,-0.747,0
1797,2711,1,14.0335,-1.449,0
1798,2719,1,13.566,-5.958,0
1799,2719,1,16.014,-2.889,0
1800,2721,1,14.093,-1.584,0
1801,2727,2,14.2205,-1.458,0
1802,2727,1,13.243,-2.079,0
1803,2730,3,15.793,1.467,0
1804,2730,3,14.1015,-1.458,0
1805,2755,1,11.4325,-3.033,0
1806,2757,1,10.9225,-3.204,0
1807,2758,3,15.5805,0.837,0
1808,2759,3,11.8405,-2.808,0
1809,2759,1,12.8775,-0.522,0
1810,2761,1,16.932,-0.279,0
1811,2763,2,14.654,-2.565,0
1812,2765,1,11.3475,-4.923,0
1813,2765,3,13.804,-1.926,0
1814,2765,1,10.8375,-2.979,0
1815,2781,3,13.4895,0.828,0
1816,2784,3,10.6505,-3.789,0
1817,2784,1,12.9625,0.054,0
1818,2784,3,15.878,3.069,0
1819,2805,2,11.8745,-4.923,0
1820,2805,1,15.8865,-0.783,0
1821,2807,1,13.4895,-1.098,0
1822,2807,2,12.716,-1.872,0
1823,2811,1,14.7815,-0.846,0
1824,2811,1,14.722,-1.818,0
1825,2814,1,14.501,-3.735,0
1826,2814,1,14.9005,-2.268,0
1827,2815,1,14.9175,-0.396,0
1828,2816,3,16.184,1.341,0
1829,2816,3,16.949,1.701,0
1830,2816,1,15.419,-0.72,0
1831,2817,1,13.4215,-4.959,0
1832,2817,3,14.2375,-2.187,0
1833,2820,3,15.691,-0.081,0
1834,2820,3,16.167,0.108,0
1835,2820,3,17.5015,1.602,0
1836,2821,1,15.8355,-0.558,0
1837,2823,2,14.671,-1.989,0
1838,2823,1,16.7195,1.224,0
1839,2830,1,13.5915,-5.103,0
1840,2830,3,12.8265,-4.896,0
1841,2836,1,10.557,-5.814,0
1842,2836,1,13.005,-2.898,0
1843,2843,3,14.2375,-2.628,0
1844,2843,1,14.9685,-2.241,0
1845,2859,1,15.6655,-1.449,0
1846,2861,2,12.7245,-4.122,0
1847,2861,1,12.427,-2.034,0
1848,2871,3,14.246,-0.612,0
1849,2873,2,13.209,-0.594,0
1850,2873,1,13.668,-1.404,0
1851,2873,1,13.158,-0.846,0
1852,2878,1,14.8665,0.486,0
1853,2885,1,13.5745,-5.445,0
1854,2896,1,14.382,-2.349,0
1855,2896,2,14.96,-1.827,0
1856,2898,3,15.9375,-0.639,0
1857,2898,3,15.708,0.171,0
1858,2915,3,15.2915,-1.062,0
1859,2916,1,11.7895,-3.834,0
1860,2917,1,10.7015,-3.609,0
1861,2917,3,13.821,0.828,0
1862,2918,2,11.441,-0.306,0
1863,2918,1,10.557,-2.853,0
1864,2924,3,15.674,-1.557,0
1865,2939,1,14.2205,-6.885,0
1866,2940,1,12.1465,-0.909,0
1867,2946,2,13.9145,-2.484,0
1868,2947,3,14.5265,-2.349,0
1869,2961,1,12.5545,-3.987,0
1870,2961,2,14.6965,-0.279,0
1871,2964,1,10.5145,-4.059,0
1872,2964,3,15.317,-0.306,0
1873,13,1,12.903,-0.261,1
1874,79,1,10.336,-6.993,1
1875,79,3,16.286,8.559,1
1876,82,1,15.708,2.268,1
1877,95,2,13.532,-2.664,1
1878,111,1,13.7785,-0.81,1
1879,125,1,12.8945,-1.647,1
1880,125,1,14.8665,0.738,1
1881,133,1,13.175,-4.959,1
1882,133,1,14.688,1.197,1
1883,133,3,13.7445,3.195,1
1884,133,2,15.8355,1.683,1
1885,133,1,15.2745,0.999,1
1886,133,1,14.263,-1.494,1
1887,133,3,15.64,3.483,1
1888,133,1,15.0705,3.816,1
1889,139,1,12.7415,0.387,1
1890,184,1,11.271,-0.792,1
1891,204,2,13.43,-2.664,1
1892,204,1,15.8015,3.123,1
1893,223,1,11.373,-1.647,1
1894,231,1,14.4585,0.261,1
1895,240,2,13.9485,1.935,1
1896,240,3,13.787,2.52,1
1897,240,1,13.8635,0.612,1
1898,245,3,12.24,1.503,1
1899,245,3,11.628,1.899,1
1900,256,1,14.4415,0.252,1
1901,260,1,12.2825,0.225,1
1902,260,3,12.104,0.954,1
1903,260,3,10.591,2.736,1
1904,266,1,13.5745,-2.79,1
1905,266,1,13.8635,-1.665,1
1906,278,1,8.4745,-8.352,1
1907,278,1,6.596,-9.747,1
1908,281,1,12.461,-5.553,1
1909,281,2,14.875,-2.421,1
1910,281,1,11.3305,-3.87,1
1911,304,3,14.2205,2.259,1
1912,304,3,14.858,-4.005,1
1913,304,1,14.1355,-4.131,1
1914,310,1,15.096,-0.576,1
1915,310,1,15.7335,-0.603,1
1916,310,3,16.371,-0.378,1
1917,310,1,13.362,-2.646,1
1918,310,3,15.6995,1.557,1
1919,317,3,13.396,0.81,1
1920,320,1,17.1275,-0.792,1
1921,320,3,15.3,2.664,1
1922,320,1,15.334,0.351,1
1923,398,1,12.869,-3.834,1
1924,457,1,12.529,-0.801,1
1925,472,3,16.8045,3.519,1
1926,488,3,14.824,0.405,1
1927,496,3,16.252,1.737,1
1928,505,2,12.5885,2.295,1
1929,505,3,16.9065,1.863,1
1930,522,1,14.0675,0.009,1
1931,522,1,14.382,-0.072,1
1932,531,1,10.9225,-2.169,1
1933,531,1,11.832,-2.142,1
1934,605,1,12.9965,-5.967,1
1935,605,1,13.498,-2.817,1
1936,646,1,13.2005,-1.494,1
1937,646,3,17.9095,2.646,1
1938,651,3,12.886,2.916,1
1939,652,2,14.2885,-1.962,1
1940,652,1,10.693,-2.088,1
1941,652,3,14.059,0.405,1
1942,652,1,14.28,0.747,1
1943,660,1,11.747,-2.187,1
1944,663,1,13.9995,-2.313,1
1945,663,1,14.9855,-0.369,1
1946,663,1,13.6255,-2.016,1
1947,663,1,12.6395,-2.682,1
1948,690,3,15.1215,-2.367,1
1949,690,3,15.657,0.657,1
1950,690,2,17.119,3.033,1
1951,692,3,17.6715,-0.396,1
1952,692,1,15.283,-1.107,1
1953,692,3,16.0055,0.189,1
1954,699,2,15.198,-1.134,1
1955,709,3,17.629,2.574,1
1956,709,3,14.9685,0.324,1
1957,709,1,16.4305,0.882,1
1958,713,3,15.6655,-2.565,1
1959,737,3,17.4845,2.493,1
1960,737,1,18.4025,2.817,1
1961,756,2,15.0705,-2.286,1
1962,773,1,14.178,-3.654,1
1963,780,3,16.354,3.816,1
1964,780,1,14.025,-0.072,1
1965,780,3,14.365,7.56,1
1966,783,3,16.133,0.387,1
1967,783,3,15.7675,3.249,1
1968,783,3,17.561,2.673,1
1969,783,1,15.3,-0.171,1
1970,788,3,16.2605,3.078,1
1971,788,3,16.4135,4.671,1
1972,815,2,12.2315,-4.464,1
1973,815,1,10.88,-1.323,1
1974,818,1,13.124,-1.989,1
1975,820,1,13.821,-0.765,1
1976,827,1,14.875,-4.464,1
1977,827,1,13.8975,-5.427,1
1978,841,1,14.1865,1.161,1
1979,852,3,17.1105,1.476,1
1980,852,3,16.4475,1.422,1
1981,854,3,15.9035,-0.198,1
1982,854,1,14.5605,-0.612,1
1983,867,3,14.6115,1.845,1
1984,870,3,14.62,-3.636,1
1985,870,1,13.753,-5.157,1
1986,870,1,10.3785,-6.048,1
1987,870,3,17.612,1.215,1
1988,891,3,16.66,-0.117,1
1989,891,1,14.705,-4.599,1
1990,891,1,15.6145,-1.89,1
1991,891,3,16.337,0.468,1
1992,891,1,15.334,-2.853,1
1993,892,3,17.238,0.747,1
1994,894,2,17.153,4.194,1
1995,900,1,13.651,-0.054,1
1996,914,3,12.325,-5.04,1
1997,918,1,12.8435,-3.861,1
1998,918,3,16.4475,2.898,1
1999,918,3,14.6625,4.158,1
2000,927,1,11.118,1.053,1
2001,927,3,12.988,2.439,1
2002,936,1,13.277,-1.386,1
2003,939,1,12.665,-1.917,1
2004,954,1,12.5035,-4.149,1
2005,954,2,12.767,-1.521,1
2006,954,1,12.92,-0.63,1
2007,969,1,13.923,-2.196,1
2008,969,3,13.8805,-0.855,1
2009,969,1,13.736,-2.232,1
2010,969,1,11.1095,-1.62,1
2011,969,3,13.974,0.981,1
2012,982,1,13.0305,-2.637,1
2013,982,3,15.538,0.333,1
2014,986,3,14.314,3.168,1
2015,1019,1,16.048,-0.63,1
2016,1019,2,15.623,0.72,1
2017,1031,2,15.5295,-1.134,1
2018,1034,3,14.9685,-0.288,1
2019,1034,1,12.597,-1.521,1
2020,1034,1,12.7075,-1.827,1
2021,1034,3,14.62,-0.378,1
2022,1035,1,15.2235,0.225,1
2023,1045,1,10.931,-2.601,1
2024,1045,2,13.1155,2.232,1
2025,1054,1,14.025,-1.08,1
2026,1059,3,12.4355,-1.341,1
2027,1059,1,12.7245,-1.611,1
2028,1069,3,11.3985,2.169,1
2029,1069,1,13.77,-0.171,1
2030,1071,3,13.1155,2.043,1
2031,1071,3,13.7785,1.512,1
2032,1091,3,11.4495,-2.736,1
2033,1091,3,12.9795,0.153,1
2034,1091,1,12.3165,-0.981,1
2035,1091,1,11.424,-0.612,1
2036,1101,1,14.705,-0.792,1
2037,1101,1,13.4895,-0.783,1
2038,1101,3,14.0505,3.204,1
2039,1115,1,16.5155,-8.316,1
2040,1115,2,15.708,0.675,1
2041,1115,1,14.926,-0.702,1
2042,1115,2,15.2405,1.548,1
2043,1115,3,15.674,8.397,1
2044,1118,1,14.3735,6.228,1
2045,1138,1,16.167,-2.016,1
2046,1149,1,15.606,-0.684,1
2047,1151,1,14.552,0.027,1
2048,1151,1,13.1665,-1.962,1
2049,1151,1,14.739,-0.927,1
2050,1151,1,13.413,1.422,1
2051,1151,3,13.09,1.332,1
2052,1163,1,12.733,-0.999,1
2053,1171,2,10.9225,-5.094,1
2054,1171,1,14.246,0.216,1
2055,1171,1,12.8775,0.306,1
2056,1171,3,10.5995,-0.936,1
2057,1172,3,14.4585,3.96,1
2058,1186,1,14.9005,-2.934,1
2059,1186,3,14.9345,-0.765,1
2060,1193,2,16.813,1.872,1
2061,1193,3,15.878,1.512,1
2062,1225,1,12.359,-1.404,1
2063,1228,1,13.889,-2.727,1
2064,1229,1,11.6025,-5.04,1
2065,1229,2,11.4495,-4.005,1
2066,1229,1,9.571,-4.599,1
2067,1235,1,14.161,-2.574,1
2068,1242,3,16.354,-3.825,1
2069,1244,1,15.1725,-0.576,1
2070,1244,3,17,2.196,1
2071,1249,2,16.201,-0.018,1
2072,1250,1,16.201,-0.333,1
2073,1250,1,13.345,-3.915,1
2074,1250,1,14.518,3.294,1
2075,1292,1,13.413,-1.539,1
2076,1292,1,14.229,0.54,1
2077,1301,1,14.28,-1.251,1
2078,1301,3,12.835,0.819,1
2079,1301,1,13.498,-1.395,1
2080,1301,2,12.903,-0.09,1
2081,1303,3,16.9575,2.034,1
2082,1308,2,17.323,0.738,1
2083,1308,1,15.011,-2.709,1
2084,1308,3,15.963,2.196,1
2085,1316,3,16.949,2.412,1
2086,1316,3,17.068,2.826,1
2087,1326,2,16.337,-0.513,1
2088,1326,3,16.014,0.549,1
2089,1357,1,14.8835,-0.882,1
2090,1363,1,15.538,0.693,1
2091,1363,3,15.946,2.178,1
2092,1363,1,16.9575,3.636,1
2093,1381,3,14.8835,1.008,1
2094,1395,3,14.586,0.612,1
2095,1398,1,11.3645,-2.61,1
2096,1398,1,12.8265,-1.008,1
2097,1476,1,13.498,-0.711,1
2098,1476,3,14.6795,0.045,1
2099,1476,3,13.6595,2.871,1
2100,1478,1,16.3965,0.522,1
2101,1478,2,15.8865,-1.17,1
2102,1478,3,18.122,6.741,1
2103,1482,3,13.6425,-0.144,1
2104,1489,2,15.98,-1.746,1
2105,1489,1,16.014,-3.357,1
2106,1489,3,15.47,2.133,1
2107,1489,2,11.7725,-4.833,1
2108,1492,3,15.7335,-1.116,1
2109,1492,3,15.1555,5.013,1
2110,1499,1,15.8185,1.53,1
2111,1521,1,16.065,-0.243,1
2112,1529,1,14.552,-1.584,1
2113,1559,1,13.736,-2.664,1
2114,1559,3,13.94,1.269,1
2115,1571,2,12.5035,-2.691,1
2116,1571,3,11.2965,-2.961,1
2117,1597,1,15.844,-0.972,1
2118,1603,3,17.5185,0.846,1
2119,1605,2,15.6485,-2.133,1
2120,1605,2,17.595,4.086,1
2121,1610,1,18.2495,-0.828,1
2122,1610,3,19.04,0.099,1
2123,1633,3,16.592,0.216,1
2124,1633,3,16.8045,0.765,1
2125,1636,1,14.96,0.144,1
2126,1636,2,14.824,-0.324,1
2127,1636,1,14.688,-1.845,1
2128,1664,1,15.13,3.492,1
2129,1664,3,15.6825,2.628,1
2130,1669,1,15.81,0.009,1
2131,1672,3,14.0845,-0.189,1
2132,1675,1,14.7815,-0.045,1
2133,1680,3,15.606,0.846,1
2134,1686,1,13.2685,-1.098,1
2135,1686,1,13.43,-1.458,1
2136,1686,3,13.77,0.639,1
2137,1686,2,14.0335,1.035,1
2138,1686,3,13.6595,0.18,1
2139,1693,3,17.0085,2.943,1
2140,1693,3,15.98,2.565,1
2141,1693,3,19.312,1.944,1
2142,1694,3,17.1955,0.495,1
2143,1694,3,16.5495,0,1
2144,1703,1,15.521,1.476,1
2145,1703,3,15.504,1.386,1
2146,1711,1,17.34,0.243,1
2147,1711,3,16.0225,1.197,1
2148,1720,3,16.643,0.666,1
2149,1733,1,16.6855,-0.432,1
2150,1733,2,16.4305,-0.495,1
2151,1733,3,17.204,0.441,1
2152,1739,1,15.657,1.539,1
2153,1749,3,16.8895,0.351,1
2154,1749,3,17.068,0.837,1
2155,1757,1,4.6155,-12.483,1
2156,1757,1,4.947,-11.016,1
2157,1757,1,4.76,-11.025,1
2158,1762,1,6.8425,-1.998,1
2159,1778,2,15.011,-2.313,1
2160,1778,1,15.317,-1.035,1
2161,1778,3,14.926,1.827,1
2162,1783,1,14.2885,-1.953,1
2163,1783,1,14.3565,-2.457,1
2164,1801,3,17.714,1.674,1
2165,1802,1,14.059,-0.936,1
2166,1823,3,14.4925,0.45,1
2167,1823,1,14.3395,-0.333,1
2168,1831,3,15.7675,11.178,1
2169,1835,1,12.495,-2.475,1
2170,1854,2,12.0275,-4.941,1
2171,1860,3,12.5375,1.62,1
2172,1860,3,14.11,1.593,1
2173,1860,3,14.5605,2.367,1
2174,1873,1,16.8555,0.18,1
2175,1873,1,14.0165,-2.844,1
2176,1873,3,17.2805,-1.395,1
2177,1873,1,16.592,-0.189,1
2178,1873,3,16.473,-0.162,1
2179,1880,2,15.011,-2.106,1
2180,1889,1,16.286,-0.27,1
2181,1889,1,15.9205,0.108,1
2182,1915,1,10.8375,-2.952,1
2183,1915,1,11.56,-3.627,1
2184,1915,1,12.784,-2.313,1
2185,1935,3,14.9175,4.086,1
2186,1935,3,12.6735,1.332,1
2187,1940,1,12.2655,-1.296,1
2188,1962,3,15.8015,-0.81,1
2189,1962,1,15.3765,-1.008,1
2190,1962,2,16.15,1.143,1
2191,1966,3,18.445,-0.333,1
2192,1966,2,18.6575,0.693,1
2193,1966,3,19.499,2.106,1
2194,1966,3,18.9635,1.224,1
2195,1966,1,16.9915,0.585,1
2196,1966,3,19.4905,1.998,1
2197,1966,1,17.799,1.296,1
2198,1966,3,19.142,2.565,1
2199,1966,3,19.2015,2.745,1
2200,1966,1,19.72,3.312,1
2201,1986,3,15.606,-0.27,1
2202,1996,1,15.1385,0.288,1
2203,2043,2,14.467,0.027,1
2204,2056,1,15.096,-0.819,1
2205,2056,3,16.813,2.475,1
2206,2062,3,14.0165,-1.854,1
2207,2062,1,14.552,-0.135,1
2208,2062,3,14.45,0.117,1
2209,2086,1,13.056,-1.062,1
2210,2097,1,12.1295,-2.331,1
2211,2102,1,13.022,-0.756,1
2212,2129,1,12.971,-0.999,1
2213,2136,1,12.461,-1.611,1
2214,2136,1,12.2315,-2.295,1
2215,2136,2,13.1325,-1.908,1
2216,2136,1,12.4185,-2.358,1
2217,2136,3,12.478,1.728,1
2218,2137,3,14.518,-0.198,1
2219,2137,1,13.702,-0.729,1
2220,2137,1,13.107,-0.576,1
2221,2138,1,12.3675,-3.645,1
2222,2147,1,14.875,-1.539,1
2223,2153,3,15.47,0.369,1
2224,2153,1,17.2465,4.779,1
2225,2153,2,16.303,1.476,1
2226,2162,3,13.1155,0.306,1
2227,2162,1,13.7105,-0.036,1
2228,2162,3,13.5235,0.531,1
2229,2162,3,13.566,1.8,1
2230,2165,1,14.365,-0.882,1
2231,2165,3,13.8465,0.855,1
2232,2170,1,14.5095,-0.513,1
2233,2170,3,14.926,0.468,1
2234,2170,3,14.4755,0.495,1
2235,2172,3,16.813,1.116,1
2236,2172,2,15.8865,0.432,1
2237,2178,1,12.597,-1.053,1
2238,2181,1,13.0645,-3.888,1
2239,2190,1,14.195,-0.099,1
2240,2190,3,12.087,-2.709,1
2241,2197,3,16.1245,-0.108,1
2242,2197,1,16.1585,0.99,1
2243,2218,1,14.705,-1.89,1
2244,2218,1,15.402,-1.368,1
2245,2218,2,15.997,0.288,1
2246,2218,1,14.161,0.621,1
2247,2220,1,13.1495,-1.269,1
2248,2220,3,13.243,-0.927,1
2249,2237,1,13.4215,-3.816,1
2250,2237,1,13.515,-3.06,1
2251,2237,1,13.787,-2.025,1
2252,2239,2,12.563,4.455,1
2253,2250,1,14.45,-0.36,1
2254,2263,1,13.2855,0.855,1
2255,2280,2,14.926,-0.126,1
2256,2296,2,15.0705,2.637,1
2257,2311,3,15.8525,0.306,1
2258,2311,2,13.6,-1.908,1
2259,2311,3,17.6375,1.152,1
2260,2311,2,15.232,-2.52,1
2261,2316,1,13.056,-0.414,1
2262,2326,1,14.5095,-1.791,1
2263,2330,3,17.6375,4.212,1
2264,2336,1,15.283,-1.278,1
2265,2351,1,12.24,-0.945,1
2266,2351,3,15.776,-1.557,1
2267,2351,1,12.954,-0.459,1
2268,2359,3,13.855,-1.692,1
2269,2366,2,14.1695,0.513,1
2270,2366,1,14.0845,-2.376,1
2271,2382,1,14.5435,-2.889,1
2272,2382,1,14.501,2.502,1
2273,2388,3,16.507,2.043,1
2274,2388,3,16.7705,2.574,1
2275,2391,3,14.858,2.979,1
2276,2399,3,14.416,-0.405,1
2277,2399,1,13.5065,-1.314,1
2278,2399,3,14.9005,-1.26,1
2279,2399,1,14.773,1.467,1
2280,2417,2,13.3535,0.423,1
2281,2417,1,12.9455,0.18,1
2282,2417,1,13.6085,0.999,1
2283,2417,3,14.603,0.27,1
2284,2421,2,15.0025,-0.504,1
2285,2424,2,15.861,-0.099,1
2286,2424,3,13.906,4.644,1
2287,2428,1,13.0815,-0.531,1
2288,2428,3,11.2965,-3.564,1
2289,2428,3,14.076,0.351,1
2290,2464,1,13.515,0.801,1
2291,2465,1,14.977,-0.792,1
2292,2465,1,14.4245,-0.738,1
2293,2466,1,14.433,-2.997,1
2294,2466,1,13.0985,-3.537,1
2295,2467,3,16.932,1.179,1
2296,2467,1,16.779,3.663,1
2297,2479,2,16.422,-0.648,1
2298,2479,3,15.6825,2.052,1
2299,2505,2,11.764,-3.609,1
2300,2517,1,13.3365,-0.198,1
2301,2517,3,13.719,1.935,1
2302,2517,2,14.0675,2.232,1
2303,2521,3,15.0535,0.648,1
2304,2529,3,13.1665,-1.251,1
2305,2529,1,13.464,-0.567,1
2306,2548,3,15.861,2.394,1
2307,2560,1,13.3025,-1.413,1
2308,2560,3,15.4615,-0.441,1
2309,2596,1,14.11,-2.466,1
2310,2596,1,14.0165,-1.359,1
2311,2610,2,14.433,-0.54,1
2312,2610,2,15.13,2.781,1
2313,2621,2,16.796,-0.513,1
2314,2633,1,14.0505,1.665,1
2315,2633,3,14.9515,1.89,1
2316,2633,3,13.073,5.805,1
2317,2647,2,13.039,-4.95,1
2318,2647,1,13.2685,-3.618,1
2319,2647,1,15.0365,-1.368,1
2320,2647,1,15.8525,-0.189,1
2321,2647,3,15.9205,3.42,1
2322,2647,3,15.5635,2.196,1
2323,2677,3,17.442,2.349,1
2324,2680,2,14.076,-2.727,1
2325,2680,1,16.7875,-0.45,1
2326,2680,1,15.4445,-0.873,1
2327,2680,3,15.0705,0.261,1
2328,2684,1,13.226,-1.08,1
2329,2684,1,13.668,-0.171,1
2330,2684,1,13.5235,-1.8,1
2331,2684,3,14.3905,3.474,1
2332,2686,1,13.872,1.503,1
2333,2694,1,12.376,-4.131,1
2334,2721,3,13.3195,5.418,1
2335,2728,2,13.26,-5.562,1
2336,2728,2,17.6035,3.519,1
2337,2728,1,12.7585,-3.942,1
2338,2737,3,15.028,1.692,1
2339,2741,3,15.3,2.043,1
2340,2758,1,14.45,-0.999,1
2341,2770,2,10.812,-5.445,1
2342,2774,1,12.6225,2.25,1
2343,2774,3,12.172,2.106,1
2344,2779,3,11.1605,-3.888,1
2345,2779,1,10.608,-2.916,1
2346,2790,1,12.818,-3.177,1
2347,2790,1,13.0135,-2.106,1
2348,2790,3,12.5885,2.556,1
2349,2804,3,14.433,2.115,1
2350,2805,2,13.9485,-3.699,1
2351,2805,1,15.589,-0.306,1
2352,2817,1,15.1895,-0.603,1
2353,2817,3,15.1385,0.405,1
2354,2817,1,15.725,-1.017,1
2355,2817,1,14.501,-1.431,1
2356,2837,1,15.912,1.152,1
2357,2837,2,15.2405,-2.214,1
2358,2837,1,15.3255,-1.989,1
2359,2837,3,17.1275,1.377,1
2360,2837,2,17.221,2.79,1
2361,2837,3,15.5805,0.594,1
2362,2837,3,17.544,5.526,1
2363,2878,1,12.342,-2.043,1
2364,2883,1,14.8665,-0.261,1
2365,2883,1,12.716,0.648,1
2366,2883,3,14.5435,0.054,1
2367,2883,3,15.538,0.846,1
2368,2883,1,12.41,0.783,1
2369,2885,1,15.6485,-0.513,1
2370,2885,3,16.813,6.642,1
2371,2885,3,14.6795,0.369,1
2372,2885,2,16.235,5.67,1
2373,2885,3,15.402,4.356,1
2374,2886,3,14.654,-0.792,1
2375,2886,3,15.2575,2.088,1
2376,2890,3,16.354,1.566,1
2377,2890,1,14.552,-2.322,1
2378,2890,3,14.807,-1.89,1
2379,2890,2,14.7475,-1.089,1
2380,2901,2,13.9315,-3.357,1
2381,2901,1,10.9905,-4.221,1
2382,2901,1,13.43,-0.45,1
2383,2916,2,14.9005,-0.423,1
2384,2917,2,14.518,4.095,1
2385,2924,3,19.924,2.772,1
2386,2924,3,16.473,-0.378,1
2387,2924,3,19.516,3.528,1
2388,2946,1,14.943,-1.521,1
2389,2950,1,14.6795,0.765,1
2390,2950,2,15.198,3.213,1
2391,2950,3,14.8665,1.089,1
2392,2950,3,14.4075,-0.666,1
2393,2950,3,14.603,3.933,1
2394,2986,1,11.3815,-0.729,1
2395,2989,2,13.124,-1.233,1
2396,2999,1,13.3025,1.017,1
2397,2999,3,13.09,1.665,1
2398,3002,1,13.5745,0.423,1
2399,3002,3,15.249,3.042,1
2400,3002,2,15.5635,4.455,1
