ID,SubVehID,Choice,Gap,RelativeSpeed,TW,Predicted
1,9,2,12,0,0,0
2,13,1,16,2,1,2
3,13,3,15,1,1,2
4,13,1,15,0,1,0
5,36,2,12,0,0,0
6,47,3,15,0,0,2
7,74,3,14,2,1,2
8,76,3,14,-1,1,0
9,77,3,14,3,0,2
10,77,1,16,4,0,2
11,78,3,14,1,0,2
12,82,1,14,-1,0,0
13,82,3,15,0,0,2
14,82,2,15,0,0,2
15,86,3,16,5,1,2
16,86,3,14,-1,0,0
17,87,3,16,1,0,2
18,87,3,15,1,0,2
19,95,2,13,-3,1,0
20,95,1,15,0,1,0
21,95,1,15,0,1,0
22,98,2,13,-2,0,0
23,102,3,13,0,0,0
24,109,3,14,2,0,2
25,111,1,15,0,1,0
26,111,3,14,0,1,0
27,113,3,16,0,0,2
28,122,3,15,0,0,2
29,122,3,17,0,0,2
30,125,3,16,1,1,2
31,125,2,12,-1,0,0
32,143,1,16,1,0,2
33,160,3,16,0,0,2
34,168,1,13,-3,1,0
35,172,1,13,0,0,0
36,186,1,13,-3,0,0
37,187,3,16,6,1,2
38,193,3,16,1,1,2
39,199,1,16,0,0,2
40,199,2,14,0,0,2
41,199,3,16,0,0,2
42,199,1,16,0,0,2
43,199,3,15,1,0,2
44,199,3,16,0,0,2
45,201,2,16,0,0,2
46,201,1,12,-2,0,0
47,204,3,19,9,1,2
48,204,2,20,10,1,2
49,205,2,14,-3,0,0
50,205,1,16,-1,0,2
51,205,3,17,1,0,2
52,207,3,17,-1,0,2
53,207,1,13,-2,0,0
54,207,3,15,0,0,2
55,207,3,16,0,0,2
56,209,3,17,-1,0,2
57,209,3,21,2,0,2
58,209,3,18,0,0,2
59,209,1,15,-2,0,0
60,223,1,16,0,1,2
61,223,3,17,3,1,2
62,223,3,16,7,1,2
63,231,3,14,0,1,0
64,231,1,16,2,1,2
65,231,3,15,2,1,2
66,240,3,13,2,1,2
67,240,3,14,3,1,2
68,240,3,13,0,1,0
69,240,3,13,1,1,0
70,242,1,14,-1,0,0
71,242,3,14,0,0,2
72,245,1,14,1,1,2
73,252,3,12,0,0,0
74,255,1,13,-1,0,0
75,256,3,15,0,1,0
76,260,1,13,0,1,0
77,260,1,12,0,1,0
78,260,3,12,0,1,0
79,265,3,13,0,0,0
80,266,2,14,1,1,2
81,271,1,13,-2,0,0
82,278,2,9,-4,1,0
83,281,1,12,-4,1,0
84,281,1,12,-3,1,0
85,282,1,13,0,1,0
86,284,3,15,0,0,2
87,284,3,16,4,0,2
88,285,1,13,0,0,0
89,285,3,13,1,0,2
90,304,1,15,-2,1,0
91,308,3,15,4,1,2
92,310,3,18,4,1,2
93,311,3,17,2,0,2
94,311,3,14,0,0,2
95,315,1,16,0,0,2
96,317,2,15,3,1,2
97,320,1,16,0,1,2
98,320,3,17,0,1,2
99,320,3,16,0,1,2
100,320,1,16,1,1,2
101,320,3,17,1,1,2
102,322,2,15,0,0,2
103,323,2,16,-2,0,0
104,328,1,14,-7,0,0
105,328,3,17,1,0,2
106,334,2,14,-2,0,0
107,339,3,19,1,0,2
108,341,3,15,1,0,2
109,341,1,16,4,0,2
110,344,3,18,2,0,2
111,344,3,15,2,0,2
112,345,1,21,2,0,2
113,345,2,15,-2,0,0
114,345,1,15,0,0,2
115,361,1,12,-3,0,0
116,379,1,12,0,0,0
117,380,3,14,1,0,2
118,380,3,13,2,0,2
119,383,3,13,0,0,0
120,383,3,12,0,0,0
121,383,3,13,0,0,0
122,390,2,14,0,0,2
123,393,1,12,-1,0,0
124,395,2,17,1,0,2
125,395,1,12,0,0,0
126,395,3,13,1,0,2
127,396,3,12,0,0,0
128,398,3,15,-1,0,0
129,398,1,12,0,0,0
130,410,1,13,0,0,0
131,410,3,13,0,0,0
132,410,1,11,-1,0,0
133,410,3,12,0,0,0
134,457,3,17,0,0,2
135,457,1,15,-1,0,0
136,464,1,15,3,1,2
137,464,1,18,-1,0,2
138,465,1,14,-1,0,0
139,465,1,13,0,0,0
140,469,2,16,1,0,2
141,469,3,16,1,0,2
142,470,1,14,-1,0,0
143,471,1,15,-1,0,0
144,472,2,17,4,1,2
145,472,1,16,3,1,2
146,473,3,20,4,0,2
147,473,3,17,3,0,2
148,473,3,16,0,0,2
149,474,1,9,-4,0,0
150,477,3,19,3,0,2
151,477,3,14,0,0,2
152,477,3,18,2,0,2
153,480,3,20,5,1,2
154,480,1,16,5,1,2
155,480,3,19,1,0,2
156,480,3,18,1,0,2
157,480,3,17,0,0,2
158,480,1,14,-2,0,0
159,481,3,16,0,0,2
160,481,1,20,2,0,2
161,488,1,16,-1,1,0
162,488,2,16,0,1,2
163,489,3,17,0,0,2
164,489,3,17,0,0,2
165,493,1,15,-2,0,0
166,493,3,15,0,0,2
167,495,3,17,1,0,2
168,495,3,16,0,0,2
169,495,3,19,5,0,2
170,495,1,15,0,0,2
171,498,3,17,0,0,2
172,505,1,18,0,0,2
173,515,3,19,2,0,2
174,515,1,13,-2,0,0
175,522,1,10,-4,0,0
176,531,3,12,0,1,0
177,540,1,17,-1,0,2
178,540,3,17,0,0,2
179,540,1,14,-3,0,0
180,540,1,15,-1,0,0
181,540,3,17,0,0,2
182,543,1,15,-2,0,0
183,543,3,18,2,0,2
184,546,3,13,-2,0,0
185,546,3,15,1,0,2
186,546,1,14,0,0,2
187,546,3,15,0,0,2
188,553,3,17,4,0,2
189,559,3,14,1,0,2
190,559,2,13,0,0,0
191,565,3,16,0,0,2
192,566,3,12,-3,0,0
193,576,3,15,2,1,2
194,576,3,14,8,1,2
195,580,1,11,-2,0,0
196,592,3,13,-1,0,0
197,596,3,12,0,0,0
198,596,1,15,-1,0,0
199,605,3,16,2,1,2
200,605,1,16,2,1,2
201,605,3,19,11,1,2
202,609,3,17,-2,0,0
203,609,1,15,-1,0,0
204,612,1,15,-4,0,0
205,632,3,16,7,1,2
206,632,3,16,0,0,2
207,632,1,15,0,0,2
208,641,3,15,0,0,2
209,641,1,17,0,0,2
210,646,2,15,0,1,0
211,646,2,16,-1,1,0
212,646,1,15,-1,1,0
213,646,3,15,1,1,2
214,646,1,15,0,1,0
215,646,3,15,1,1,2
216,646,3,15,1,1,2
217,646,1,16,3,1,2
218,651,3,16,0,1,2
219,651,3,17,0,0,2
220,651,3,18,0,0,2
221,652,1,11,-4,1,0
222,652,3,16,1,1,2
223,652,2,14,0,1,0
224,660,1,14,0,1,0
225,663,3,16,4,1,2
226,663,3,14,0,1,0
227,667,2,14,0,0,2
228,667,3,16,0,0,2
229,672,3,15,0,0,2
230,672,1,13,-1,0,0
231,672,1,13,0,0,0
232,678,2,13,0,0,0
233,678,3,13,0,0,0
234,678,2,14,0,0,2
235,690,1,16,0,1,2
236,690,3,16,0,1,2
237,690,3,17,1,1,2
238,690,3,17,1,1,2
239,690,3,16,1,1,2
240,692,1,16,0,1,2
241,692,3,17,4,1,2
242,697,3,21,2,0,2
243,697,3,17,0,0,2
244,699,1,17,0,1,2
245,699,3,18,2,0,2
246,706,3,17,0,0,2
247,706,2,17,0,0,2
248,708,3,18,0,0,2
249,709,3,17,2,1,2
250,709,3,17,3,1,2
251,713,1,15,-3,1,0
252,713,3,17,0,1,2
253,713,3,16,0,0,2
254,713,1,17,-2,0,0
255,713,1,17,-3,0,0
256,716,2,17,0,0,2
257,721,3,18,-1,0,2
258,725,3,17,0,0,2
259,725,3,16,0,0,2
260,725,2,19,0,0,2
261,725,3,16,0,0,2
262,728,2,16,-3,0,0
263,728,1,15,-2,0,0
264,728,3,18,2,0,2
265,730,3,19,2,0,2
266,730,3,18,0,0,2
267,730,2,17,0,0,2
268,738,3,18,0,0,2
269,738,3,18,0,0,2
270,744,1,18,0,1,2
271,744,3,17,0,1,2
272,744,1,18,1,1,2
273,744,3,19,1,1,2
274,744,3,18,2,1,2
275,744,3,18,1,1,2
276,744,3,17,0,1,2
277,744,1,17,0,0,2
278,746,3,19,0,0,2
279,746,1,18,0,0,2
280,752,3,16,-1,0,2
281,753,3,19,4,0,2
282,753,3,18,3,0,2
283,753,3,18,1,0,2
284,754,1,16,-4,0,0
285,756,1,15,0,1,0
286,756,3,16,1,0,2
287,758,3,16,3,1,2
288,758,3,19,0,0,2
289,758,3,17,2,0,2
290,758,3,16,1,0,2
291,758,3,18,0,0,2
292,766,3,18,0,0,2
293,771,3,18,0,0,2
294,771,1,15,-1,0,0
295,771,3,18,0,0,2
296,771,3,15,-1,0,0
297,773,3,17,3,1,2
298,773,3,16,-1,0,2
299,773,3,18,0,0,2
300,780,2,16,4,1,2
301,783,3,16,0,1,2
302,783,3,17,5,1,2
303,783,3,16,3,1,2
304,783,2,16,4,1,2
305,783,3,17,1,0,2
306,784,1,13,-1,0,0
307,788,3,16,3,1,2
308,788,3,16,0,1,2
309,788,1,15,-1,1,0
310,788,3,19,3,0,2
311,788,3,18,1,0,2
312,788,1,15,-2,0,0
313,788,3,17,0,0,2
314,804,3,12,5,1,2
315,818,1,13,-2,1,0
316,818,3,14,0,1,0
317,820,1,15,0,1,0
318,820,3,15,2,0,2
319,832,1,14,0,0,2
320,838,2,14,0,0,2
321,838,3,14,1,0,2
322,838,2,13,-1,0,0
323,841,3,14,0,1,0
324,846,3,18,0,0,2
325,846,1,16,1,0,2
326,846,3,15,0,0,2
327,848,2,15,0,0,2
328,848,3,14,-1,0,0
329,852,3,17,3,1,2
330,853,3,16,2,1,2
331,853,3,17,6,1,2
332,853,3,15,3,1,2
333,854,1,16,-1,1,0
334,860,3,18,0,0,2
335,860,3,17,1,0,2
336,860,3,17,2,0,2
337,865,2,17,0,0,2
338,865,3,17,0,0,2
339,865,3,15,0,0,2
340,865,1,17,0,0,2
341,867,3,17,0,0,2
342,867,1,16,0,0,2
343,870,3,17,0,0,2
344,881,2,16,-2,0,0
345,881,1,17,0,0,2
346,883,3,16,0,0,2
347,883,1,14,-1,0,0
348,883,3,15,0,0,2
349,891,3,18,4,1,2
350,891,3,19,7,1,2
351,892,3,17,0,1,2
352,893,1,16,3,1,2
353,894,3,17,1,1,2
354,894,1,17,0,1,2
355,894,2,17,0,1,2
356,894,3,17,0,1,2
357,894,3,17,0,1,2
358,894,3,16,0,0,2
359,899,3,14,2,1,2
360,899,2,15,1,1,2
361,899,1,14,1,1,2
362,899,3,17,0,0,2
363,899,3,18,2,0,2
364,900,1,13,0,1,0
365,900,3,16,0,1,2
366,900,2,13,1,1,0
367,914,1,14,-1,1,0
368,918,3,18,3,1,2
369,918,3,16,2,1,2
370,918,1,17,4,1,2
371,926,3,16,1,1,2
372,926,3,17,3,1,2
373,926,3,16,2,1,2
374,926,3,16,3,1,2
375,927,3,13,3,1,2
376,927,1,11,2,1,0
377,927,1,10,-6,0,0
378,927,1,12,-3,0,0
379,933,3,13,0,1,0
380,939,1,14,1,1,2
381,939,3,13,1,1,0
382,939,1,15,1,0,2
383,939,3,14,0,0,2
384,941,1,10,-2,1,0
385,941,1,13,0,0,0
386,947,1,12,-1,0,0
387,954,3,13,1,1,0
388,968,1,18,3,0,2
389,968,3,16,1,0,2
390,969,1,14,-1,1,0
391,969,1,13,-1,1,0
392,973,1,14,-3,0,0
393,975,3,16,-1,0,2
394,975,3,16,-1,0,2
395,975,1,17,0,0,2
396,975,3,17,0,0,2
397,975,2,16,-1,0,2
398,976,3,16,0,0,2
399,976,3,14,0,0,2
400,976,1,17,1,0,2
401,978,1,17,-7,1,0
402,978,1,17,-4,1,0
403,978,3,15,1,0,2
404,982,1,15,-1,1,0
405,982,1,15,0,1,0
406,982,1,15,2,1,2
407,982,2,15,0,0,2
408,986,3,17,1,1,2
409,986,3,17,9,1,2
410,986,1,14,-1,0,0
411,991,1,12,-5,0,0
412,997,1,14,0,0,2
413,997,3,16,1,0,2
414,1003,1,12,-1,0,0
415,1003,3,15,0,0,2
416,1018,1,15,3,1,2
417,1018,3,14,4,1,2
418,1018,3,11,2,1,0
419,1018,1,16,-2,0,0
420,1018,1,14,-4,0,0
421,1019,2,16,0,1,2
422,1019,3,16,1,1,2
423,1023,3,15,0,0,2
424,1023,1,16,3,0,2
425,1023,3,16,3,0,2
426,1023,1,16,0,0,2
427,1023,1,15,0,0,2
428,1024,3,14,2,1,2
429,1024,1,14,0,1,0
430,1024,1,14,1,1,2
431,1027,1,16,-1,0,2
432,1027,2,13,2,0,2
433,1031,3,16,1,1,2
434,1031,3,16,1,0,2
435,1032,3,16,0,0,2
436,1034,2,13,-2,1,0
437,1034,1,13,0,1,0
438,1034,3,12,0,1,0
439,1035,3,16,1,1,2
440,1035,2,17,4,0,2
441,1035,3,16,0,0,2
442,1037,1,21,8,1,2
443,1037,3,17,4,0,2
444,1038,1,16,-1,0,2
445,1045,1,14,-1,0,0
446,1046,1,15,-1,0,0
447,1046,1,14,-4,0,0
448,1046,3,16,0,0,2
449,1054,1,12,-2,1,0
450,1054,3,13,3,1,2
451,1059,3,15,0,1,0
452,1059,1,13,2,1,2
453,1059,1,16,-1,0,2
454,1069,1,12,3,1,2
455,1069,3,11,4,1,2
456,1069,2,13,5,1,2
457,1071,3,15,3,1,2
458,1071,3,15,1,1,2
459,1071,3,13,1,1,0
460,1071,1,13,3,1,2
461,1073,3,13,1,0,2
462,1073,1,12,0,0,0
463,1091,3,13,0,1,0
464,1099,1,15,0,0,2
465,1099,2,12,0,0,0
466,1100,1,15,-1,0,0
467,1100,1,14,-1,0,0
468,1100,3,15,-1,0,0
469,1100,3,13,1,0,2
470,1101,3,18,2,0,2
471,1101,3,15,0,0,2
472,1115,1,17,2,1,2
473,1115,3,17,4,0,2
474,1122,1,16,-2,0,0
475,1123,1,16,0,0,2
476,1124,2,14,1,0,2
477,1125,3,17,1,0,2
478,1125,3,16,0,0,2
479,1130,1,16,0,0,2
480,1133,1,17,0,0,2
481,1149,3,14,0,1,0
482,1149,3,16,2,1,2
483,1149,3,16,2,1,2
484,1149,3,16,1,1,2
485,1149,3,14,2,1,2
486,1151,3,14,0,1,0
487,1151,2,14,0,1,0
488,1151,3,16,1,1,2
489,1151,1,15,0,1,0
490,1154,3,15,0,0,2
491,1154,2,15,0,0,2
492,1154,3,14,0,0,2
493,1157,3,19,5,0,2
494,1157,3,14,1,0,2
495,1163,1,13,-1,0,0
496,1163,3,15,0,0,2
497,1167,1,16,-1,0,2
498,1167,3,18,0,0,2
499,1171,3,15,3,1,2
500,1171,2,13,3,1,2
501,1171,3,14,4,1,2
502,1171,3,14,2,1,2
503,1171,3,13,3,1,2
504,1171,2,13,4,1,2
505,1172,3,16,4,1,2
506,1172,1,15,-2,0,0
507,1172,1,15,-1,0,0
508,1172,3,15,-2,0,0
509,1178,3,17,3,0,2
510,1186,1,17,0,1,2
511,1186,3,17,2,1,2
512,1186,3,15,0,1,0
513,1190,3,15,0,0,2
514,1190,3,15,0,0,2
515,1190,1,15,0,0,2
516,1193,3,18,3,1,2
517,1193,3,16,2,1,2
518,1193,3,18,5,1,2
519,1193,3,17,0,0,2
520,1193,2,16,-1,0,2
521,1193,3,16,1,0,2
522,1193,3,16,1,0,2
523,1201,3,14,1,1,2
524,1201,1,13,0,1,0
525,1201,1,9,-5,0,0
526,1225,3,18,9,1,2
527,1225,3,13,0,0,0
528,1228,3,20,1,1,2
529,1228,1,16,0,1,2
530,1228,3,15,1,1,2
531,1228,3,17,6,1,2
532,1235,3,15,-1,1,0
533,1235,3,15,1,1,2
534,1235,1,14,-4,0,0
535,1235,2,16,-2,0,0
536,1236,1,15,0,0,2
537,1240,1,15,-1,0,0
538,1240,3,14,0,0,2
539,1240,3,15,0,0,2
540,1241,3,17,2,0,2
541,1242,3,17,0,1,2
542,1242,2,17,-3,1,0
543,1242,3,17,2,1,2
544,1242,3,16,-4,1,0
545,1244,3,18,3,1,2
546,1245,3,15,1,0,2
547,1245,3,15,1,0,2
548,1249,3,16,0,1,2
549,1249,3,17,0,0,2
550,1249,1,17,0,0,2
551,1249,3,16,0,0,2
552,1250,3,17,0,0,2
553,1250,3,17,1,0,2
554,1251,3,17,0,0,2
555,1251,3,17,1,0,2
556,1276,3,15,-1,0,0
557,1277,1,12,0,0,0
558,1279,3,13,0,0,0
559,1279,1,15,0,0,2
560,1284,1,17,-1,1,2
561,1284,1,14,-1,1,0
562,1284,1,14,0,1,0
563,1287,1,14,-4,1,0
564,1287,1,14,-3,1,0
565,1291,3,16,4,1,2
566,1291,3,15,1,0,2
567,1292,1,14,0,1,0
568,1292,1,15,2,1,2
569,1292,1,13,0,1,0
570,1301,1,14,0,1,0
571,1301,3,13,1,1,0
572,1301,3,15,1,1,2
573,1303,3,19,4,1,2
574,1303,1,17,-3,0,0
575,1303,2,17,0,0,2
576,1303,3,17,1,0,2
577,1307,1,19,4,1,2
578,1307,1,16,3,1,2
579,1307,1,16,-1,0,2
580,1307,1,16,0,0,2
581,1308,3,20,4,1,2
582,1308,3,17,1,1,2
583,1308,3,17,2,1,2
584,1308,3,16,0,1,2
585,1315,1,17,0,0,2
586,1315,2,15,-2,0,0
587,1315,1,16,0,0,2
588,1315,3,17,2,0,2
589,1316,3,16,0,0,2
590,1319,1,15,-3,0,0
591,1324,3,16,0,0,2
592,1326,1,17,0,1,2
593,1326,3,16,0,1,2
594,1326,3,18,2,1,2
595,1326,2,15,-1,0,0
596,1339,3,21,5,0,2
597,1339,1,15,-1,0,0
598,1344,3,18,1,0,2
599,1344,1,17,0,0,2
600,1355,1,15,-3,0,0
601,1355,1,16,-2,0,0
602,1355,1,16,-1,0,2
603,1355,1,14,-1,0,0
604,1355,3,15,-4,0,0
605,1357,1,15,0,1,0
606,1357,3,17,3,1,2
607,1357,3,16,1,1,2
608,1357,3,15,-1,0,0
609,1361,3,15,1,0,2
610,1363,3,17,3,1,2
611,1363,3,15,1,1,2
612,1364,1,14,-3,0,0
613,1364,1,15,0,0,2
614,1366,3,15,2,1,2
615,1366,3,15,1,1,2
616,1371,1,18,3,0,2
617,1371,3,17,2,0,2
618,1374,3,14,0,0,2
619,1374,2,12,-1,0,0
620,1377,3,19,2,0,2
621,1377,1,17,-1,0,2
622,1377,3,16,-1,0,2
623,1378,2,15,0,0,2
624,1378,3,14,0,0,2
625,1381,1,15,1,1,2
626,1381,3,16,3,1,2
627,1381,3,15,3,1,2
628,1381,3,17,8,1,2
629,1395,1,16,0,1,2
630,1395,2,17,0,1,2
631,1395,3,16,0,1,2
632,1395,1,16,0,1,2
633,1395,1,13,-2,1,0
634,1395,1,14,1,1,2
635,1395,3,15,1,1,2
636,1398,3,17,1,1,2
637,1398,3,16,3,1,2
638,1398,3,14,1,1,2
639,1421,3,16,1,0,2
640,1421,3,13,0,0,0
641,1426,1,13,-2,0,0
642,1426,1,13,-1,0,0
643,1451,3,14,0,0,2
644,1451,3,14,2,0,2
645,1451,3,12,1,0,2
646,1451,3,12,1,0,2
647,1465,3,17,2,0,2
648,1465,1,15,0,0,2
649,1470,1,16,3,1,2
650,1470,3,18,6,1,2
651,1470,3,16,7,1,2
652,1476,2,14,0,1,0
653,1476,1,14,0,1,0
654,1476,1,14,-1,1,0
655,1476,1,13,0,1,0
656,1476,3,12,-1,1,0
657,1476,3,19,2,1,2
658,1476,1,16,6,1,2
659,1478,3,17,0,1,2
660,1478,1,16,0,1,2
661,1478,3,16,0,1,2
662,1478,1,15,-1,1,0
663,1478,3,19,2,1,2
664,1482,1,14,-1,1,0
665,1483,3,15,0,0,2
666,1484,3,18,1,0,2
667,1489,3,16,0,1,2
668,1489,3,14,0,1,0
669,1489,1,14,0,1,0
670,1492,3,15,0,0,2
671,1492,3,16,0,0,2
672,1499,2,15,2,1,2
673,1510,2,15,-7,1,0
674,1510,2,17,1,0,2
675,1510,1,16,-1,0,2
676,1510,1,16,0,0,2
677,1513,3,16,1,0,2
678,1513,1,15,0,0,2
679,1513,2,14,0,0,2
680,1514,3,16,1,0,2
681,1514,3,18,4,0,2
682,1518,3,14,0,0,2
683,1521,1,17,-1,1,2
684,1521,3,16,2,1,2
685,1526,2,14,-4,0,0
686,1526,1,15,-1,0,0
687,1526,2,16,0,0,2
688,1529,3,16,0,1,2
689,1529,3,18,5,1,2
690,1535,1,13,-2,0,0
691,1535,1,13,-1,0,0
692,1535,1,14,0,0,2
693,1536,3,17,3,1,2
694,1536,3,17,3,1,2
695,1536,3,16,1,1,2
696,1537,2,15,0,0,2
697,1551,3,17,6,1,2
698,1559,1,15,-3,1,0
699,1561,1,14,0,0,2
700,1561,2,15,0,0,2
701,1561,3,15,0,0,2
702,1561,1,14,0,0,2
703,1596,3,16,0,0,2
704,1596,1,16,0,0,2
705,1597,3,17,3,1,2
706,1598,3,17,1,0,2
707,1603,3,18,1,0,2
708,1603,3,17,0,0,2
709,1603,3,18,1,0,2
710,1604,1,17,-1,0,2
711,1604,1,16,-1,0,2
712,1604,2,17,0,0,2
713,1605,3,19,4,1,2
714,1605,1,17,0,0,2
715,1605,3,17,0,0,2
716,1610,3,18,0,1,2
717,1610,3,17,1,1,2
718,1610,3,18,0,1,2
719,1610,3,18,0,1,2
720,1612,1,16,-1,0,2
721,1612,3,17,0,0,2
722,1612,3,18,1,0,2
723,1612,3,17,0,0,2
724,1612,3,16,0,0,2
725,1617,1,16,0,0,2
726,1618,1,16,0,0,2
727,1618,1,16,-1,0,2
728,1618,3,16,-1,0,2
729,1620,2,18,0,0,2
730,1624,1,19,3,0,2
731,1633,3,18,2,1,2
732,1633,3,18,2,1,2
733,1633,3,17,1,0,2
734,1634,1,19,-2,1,2
735,1634,3,16,0,1,2
736,1634,3,17,0,1,2
737,1634,1,17,0,0,2
738,1635,3,17,0,0,2
739,1635,1,18,0,0,2
740,1636,2,15,0,1,0
741,1636,1,15,0,1,0
742,1636,3,17,0,0,2
743,1636,3,18,0,0,2
744,1639,1,17,0,0,2
745,1640,3,17,0,0,2
746,1641,1,14,-4,1,0
747,1641,1,14,-2,1,0
748,1642,3,18,1,0,2
749,1642,3,18,3,0,2
750,1643,1,17,0,0,2
751,1643,2,17,-1,0,2
752,1644,3,18,1,0,2
753,1644,3,16,0,0,2
754,1645,3,18,2,0,2
755,1645,1,16,0,0,2
756,1645,3,17,0,0,2
757,1646,3,18,0,0,2
758,1646,3,15,-2,0,0
759,1646,1,16,0,0,2
760,1646,1,16,-2,0,0
761,1652,1,13,-3,0,0
762,1652,1,13,-2,0,0
763,1653,1,14,-1,0,0
764,1659,3,13,0,0,0
765,1659,3,16,1,0,2
766,1659,3,15,1,0,2
767,1661,3,15,1,0,2
768,1664,3,15,3,1,2
769,1664,3,16,4,1,2
770,1664,1,13,-2,0,0
771,1669,3,16,0,1,2
772,1669,1,15,0,1,0
773,1669,3,16,0,1,2
774,1669,3,16,1,1,2
775,1669,3,16,1,1,2
776,1669,1,15,0,1,0
777,1672,3,15,1,0,2
778,1675,3,16,1,0,2
779,1675,3,15,2,0,2
780,1679,3,16,1,0,2
781,1681,3,17,0,0,2
782,1681,3,17,0,0,2
783,1681,3,17,1,0,2
784,1681,2,16,0,0,2
785,1681,3,17,1,0,2
786,1684,3,17,0,0,2
787,1686,1,15,-1,1,0
788,1686,1,15,0,1,0
789,1686,1,13,0,1,0
790,1693,3,17,1,1,2
791,1693,3,18,3,1,2
792,1693,2,17,3,1,2
793,1693,3,16,0,0,2
794,1694,3,18,1,1,2
795,1694,3,18,2,1,2
796,1694,3,17,0,0,2
797,1694,3,18,1,0,2
798,1703,3,16,1,1,2
799,1706,3,15,1,1,2
800,1706,2,17,2,1,2
801,1706,3,16,1,1,2
802,1706,1,17,0,0,2
803,1706,3,16,0,0,2
804,1706,1,16,0,0,2
805,1706,1,15,0,0,2
806,1711,2,18,1,1,2
807,1711,3,17,1,1,2
808,1720,3,16,0,1,2
809,1720,1,15,-1,1,0
810,1723,2,16,1,0,2
811,1728,2,16,-2,0,0
812,1729,1,16,-1,0,2
813,1729,3,16,0,0,2
814,1739,1,15,1,1,2
815,1739,2,16,0,0,2
816,1740,1,16,0,0,2
817,1740,3,17,2,0,2
818,1740,3,15,0,0,2
819,1740,3,17,0,0,2
820,1746,3,16,0,0,2
821,1746,3,17,0,0,2
822,1747,3,17,0,0,2
823,1749,3,18,3,1,2
824,1749,3,18,1,0,2
825,1750,3,17,0,0,2
826,1750,3,16,0,0,2
827,1750,3,17,0,0,2
828,1758,2,7,3,0,0
829,1763,1,8,0,0,0
830,1763,1,3,-2,0,0
831,1770,3,17,2,1,2
832,1778,1,15,0,1,0
833,1778,1,15,-2,1,0
834,1778,3,14,0,1,0
835,1778,3,13,5,0,2
836,1778,3,17,5,0,2
837,1783,1,13,-1,1,0
838,1783,3,13,-2,1,0
839,1785,3,15,1,0,2
840,1785,1,14,0,0,2
841,1785,3,15,1,0,2
842,1791,3,15,1,0,2
843,1791,3,14,0,0,2
844,1800,1,14,1,1,2
845,1801,3,19,5,1,2
846,1802,1,13,-2,1,0
847,1802,3,15,0,1,0
848,1802,3,14,0,1,0
849,1802,3,14,0,0,2
850,1807,2,16,0,1,2
851,1807,3,17,2,1,2
852,1807,2,17,2,1,2
853,1807,3,16,2,1,2
854,1816,2,15,0,0,2
855,1816,2,15,0,0,2
856,1823,1,14,1,1,2
857,1823,1,14,-1,1,0
858,1823,1,13,0,1,0
859,1830,2,13,-1,0,0
860,1830,1,13,-1,0,0
861,1831,3,16,10,1,2
862,1831,3,16,3,1,2
863,1831,3,16,0,1,2
864,1835,1,12,-1,1,0
865,1835,1,16,0,0,2
866,1851,3,12,0,1,0
867,1854,3,13,0,1,0
868,1854,3,12,2,1,2
869,1854,3,13,2,1,2
870,1860,3,14,2,1,2
871,1860,3,14,4,1,2
872,1863,1,14,0,0,2
873,1863,1,12,-2,0,0
874,1873,1,17,-1,1,2
875,1873,1,17,0,1,2
876,1873,2,17,0,1,2
877,1873,1,16,0,1,2
878,1873,3,17,0,1,2
879,1873,3,18,1,1,2
880,1873,3,16,0,0,2
881,1880,3,16,0,1,2
882,1880,3,16,1,1,2
883,1880,3,16,1,1,2
884,1880,1,15,0,1,0
885,1880,3,16,1,1,2
886,1881,1,16,0,0,2
887,1881,3,16,0,0,2
888,1881,3,16,3,0,2
889,1882,1,15,-1,0,0
890,1882,3,19,3,0,2
891,1882,3,16,0,0,2
892,1889,2,16,0,1,2
893,1889,3,18,1,0,2
894,1889,2,17,0,0,2
895,1902,1,14,-2,1,0
896,1902,3,15,0,0,2
897,1904,1,15,-2,0,0
898,1904,3,16,1,0,2
899,1904,3,15,0,0,2
900,1904,1,15,0,0,2
901,1904,3,15,0,0,2
902,1915,1,12,-1,1,0
903,1917,1,11,-1,0,0
904,1918,1,14,1,0,2
905,1935,2,15,0,0,2
906,1940,3,14,0,1,0
907,1940,1,15,0,0,2
908,1940,3,14,0,0,2
909,1960,1,15,0,0,2
910,1962,2,16,0,1,2
911,1962,3,17,0,1,2
912,1962,1,15,0,1,0
913,1962,3,15,0,1,0
914,1962,1,16,0,1,2
915,1962,3,16,0,1,2
916,1962,2,17,1,1,2
917,1962,3,18,1,1,2
918,1962,3,17,2,1,2
919,1966,3,20,0,1,2
920,1966,2,18,1,1,2
921,1966,1,18,0,1,2
922,1966,3,19,3,1,2
923,1986,1,15,0,1,0
924,1986,1,16,-1,1,0
925,1986,2,15,0,1,0
926,1986,1,14,0,1,0
927,1986,2,13,0,0,0
928,1986,3,12,-1,0,0
929,1987,3,16,1,0,2
930,1987,3,15,2,0,2
931,1987,2,14,0,0,2
932,1987,3,16,0,0,2
933,1987,1,15,0,0,2
934,1990,3,16,0,0,2
935,1996,3,15,1,1,2
936,1996,2,15,1,1,2
937,1996,1,17,2,1,2
938,1996,3,17,1,1,2
939,1996,3,15,2,1,2
940,2008,1,13,-3,1,0
941,2046,1,14,-2,0,0
942,2046,1,14,0,0,2
943,2049,3,14,0,0,2
944,2052,1,14,-1,0,0
945,2052,1,14,-1,0,0
946,2056,3,16,0,1,2
947,2056,3,16,2,1,2
948,2056,3,16,-1,1,0
949,2056,3,16,3,1,2
950,2056,3,17,3,1,2
951,2062,3,16,1,1,2
952,2062,1,14,0,1,0
953,2062,3,14,0,1,0
954,2062,3,16,1,1,2
955,2062,1,15,0,1,0
956,2065,1,15,0,0,2
957,2065,3,15,0,0,2
958,2065,3,15,0,0,2
959,2066,1,12,-5,0,0
960,2066,1,15,-1,0,0
961,2075,3,14,1,1,2
962,2075,3,14,1,1,2
963,2075,3,14,2,1,2
964,2077,2,14,0,0,2
965,2077,1,13,0,0,0
966,2077,1,13,0,0,0
967,2086,3,15,2,1,2
968,2086,3,14,0,0,2
969,2086,1,13,0,0,0
970,2097,1,13,1,1,0
971,2102,2,14,0,1,0
972,2102,1,14,-1,1,0
973,2102,3,13,0,1,0
974,2105,3,14,0,0,2
975,2117,3,17,2,0,2
976,2123,3,13,-1,1,0
977,2129,1,13,0,1,0
978,2129,3,13,0,1,0
979,2129,3,13,1,0,2
980,2136,1,13,0,1,0
981,2136,1,13,0,1,0
982,2137,2,14,0,1,0
983,2137,3,14,0,1,0
984,2137,2,19,6,1,2
985,2137,3,15,2,1,2
986,2137,3,14,3,0,2
987,2138,1,12,-3,1,0
988,2138,3,14,0,1,0
989,2138,1,14,0,1,0
990,2138,1,13,-3,1,0
991,2138,1,14,0,1,0
992,2146,3,17,0,0,2
993,2146,3,17,1,0,2
994,2147,3,16,0,1,2
995,2147,1,13,-2,1,0
996,2147,1,14,0,1,0
997,2153,3,16,3,1,2
998,2153,3,17,3,1,2
999,2153,3,16,2,1,2
1000,2162,1,15,2,1,2
1001,2162,1,13,0,1,0
1002,2162,3,14,2,1,2
1003,2165,3,15,0,1,0
1004,2165,2,16,1,1,2
1005,2165,1,15,1,1,2
1006,2165,3,15,0,1,0
1007,2165,1,15,0,1,0
1008,2166,3,14,1,0,2
1009,2166,2,12,0,0,0
1010,2166,1,13,0,0,0
1011,2170,3,15,0,1,0
1012,2170,1,16,0,0,2
1013,2170,3,15,0,0,2
1014,2171,1,13,-2,0,0
1015,2172,3,19,5,1,2
1016,2172,3,17,2,0,2
1017,2178,3,18,3,1,2
1018,2181,3,13,-2,1,0
1019,2190,1,12,-1,1,0
1020,2190,2,13,1,1,0
1021,2190,3,15,3,1,2
1022,2197,1,14,0,1,0
1023,2197,3,16,0,1,2
1024,2218,3,15,-1,1,0
1025,2218,3,16,0,1,2
1026,2218,2,17,1,1,2
1027,2220,1,14,1,1,2
1028,2220,1,14,0,1,0
1029,2222,1,13,-2,0,0
1030,2231,2,11,1,1,0
1031,2231,3,12,1,1,0
1032,2231,2,11,0,1,0
1033,2236,1,14,-2,1,0
1034,2236,1,13,-1,0,0
1035,2236,1,13,-1,0,0
1036,2237,3,15,1,0,2
1037,2237,2,14,0,0,2
1038,2237,3,14,0,0,2
1039,2239,3,13,4,1,2
1040,2239,1,13,4,1,2
1041,2240,1,13,-1,0,0
1042,2240,1,14,0,0,2
1043,2250,3,16,2,1,2
1044,2250,3,15,0,1,0
1045,2250,1,15,1,1,2
1046,2250,3,15,1,1,2
1047,2250,3,16,2,1,2
1048,2250,2,15,0,1,0
1049,2263,1,13,0,1,0
1050,2263,2,13,1,1,0
1051,2280,1,15,-1,1,0
1052,2280,2,16,2,1,2
1053,2280,3,14,1,1,2
1054,2280,1,15,0,1,0
1055,2280,3,16,1,1,2
1056,2286,1,15,0,0,2
1057,2293,2,16,-2,0,0
1058,2296,3,15,-3,0,0
1059,2297,1,15,0,0,2
1060,2297,1,16,0,0,2
1061,2297,3,16,0,0,2
1062,2311,1,16,0,1,2
1063,2311,3,15,2,1,2
1064,2311,3,17,0,1,2
1065,2311,3,16,1,1,2
1066,2311,3,16,0,1,2
1067,2311,3,16,4,1,2
1068,2311,3,16,2,1,2
1069,2311,1,15,-1,0,0
1070,2314,1,15,0,0,2
1071,2314,1,17,0,0,2
1072,2316,2,13,0,1,0
1073,2318,3,15,1,0,2
1074,2318,1,12,-1,0,0
1075,2318,1,10,-2,0,0
1076,2318,3,12,0,0,0
1077,2325,3,14,1,0,2
1078,2325,3,14,0,0,2
1079,2326,2,16,-1,1,0
1080,2326,1,15,0,1,0
1081,2326,2,14,0,1,0
1082,2326,1,14,1,1,2
1083,2330,3,17,0,0,2
1084,2331,3,15,-2,0,0
1085,2331,1,15,-2,0,0
1086,2331,1,14,-1,0,0
1087,2331,1,14,-1,0,0
1088,2336,3,13,-4,1,0
1089,2336,1,14,-2,1,0
1090,2336,2,17,0,0,2
1091,2351,1,14,-3,1,0
1092,2351,2,16,0,1,2
1093,2351,3,15,0,1,0
1094,2351,1,14,0,1,0
1095,2353,1,13,-2,0,0
1096,2353,1,14,1,0,2
1097,2357,2,14,0,0,2
1098,2357,3,15,0,0,2
1099,2357,3,16,0,0,2
1100,2357,2,13,0,0,0
1101,2357,3,15,1,0,2
1102,2358,3,15,1,0,2
1103,2358,1,15,0,0,2
1104,2366,1,14,0,1,0
1105,2366,1,14,1,1,2
1106,2366,3,14,1,1,2
1107,2366,2,15,0,1,0
1108,2373,3,16,1,0,2
1109,2373,3,13,0,0,0
1110,2373,3,13,1,0,2
1111,2380,3,15,3,1,2
1112,2382,2,14,3,1,2
1113,2382,3,14,2,1,2
1114,2382,2,14,2,1,2
1115,2382,3,14,3,1,2
1116,2382,3,14,3,1,2
1117,2385,1,16,0,1,2
1118,2388,3,18,3,1,2
1119,2388,3,17,2,1,2
1120,2388,1,17,0,1,2
1121,2388,3,17,1,1,2
1122,2391,3,15,8,1,2
1123,2391,3,15,-1,0,0
1124,2392,3,18,4,0,2
1125,2392,3,17,2,0,2
1126,2392,3,13,-3,0,0
1127,2392,1,14,-1,0,0
1128,2392,3,15,0,0,2
1129,2399,1,14,0,1,0
1130,2399,1,14,0,1,0
1131,2399,1,14,0,1,0
1132,2417,3,15,0,1,0
1133,2417,3,14,0,1,0
1134,2417,3,13,0,1,0
1135,2417,1,15,0,1,0
1136,2417,2,13,1,1,0
1137,2421,1,15,0,1,0
1138,2424,1,15,0,1,0
1139,2424,3,14,3,1,2
1140,2425,1,15,0,1,0
1141,2428,1,13,0,1,0
1142,2428,1,13,0,1,0
1143,2428,3,15,0,0,2
1144,2434,1,17,4,0,2
1145,2435,1,14,1,0,2
1146,2438,1,13,-1,0,0
1147,2438,2,13,0,0,0
1148,2446,3,17,0,0,2
1149,2449,1,17,-2,0,0
1150,2454,3,17,1,0,2
1151,2454,3,16,0,0,2
1152,2454,1,16,1,0,2
1153,2464,2,12,-2,0,0
1154,2465,1,15,2,1,2
1155,2465,3,15,0,1,0
1156,2465,3,19,-1,0,2
1157,2465,3,19,0,0,2
1158,2465,3,18,-1,0,2
1159,2466,1,15,-3,1,0
1160,2466,1,14,-2,1,0
1161,2467,3,16,2,1,2
1162,2467,1,16,2,1,2
1163,2467,3,18,0,0,2
1164,2467,3,17,0,0,2
1165,2467,3,19,2,0,2
1166,2467,3,18,0,0,2
1167,2469,1,16,0,0,2
1168,2479,3,15,0,0,2
1169,2481,2,16,-1,1,0
1170,2481,3,15,0,0,2
1171,2484,2,14,-1,0,0
1172,2488,3,17,0,0,2
1173,2488,3,17,0,0,2
1174,2488,3,16,0,0,2
1175,2488,1,15,0,0,2
1176,2490,3,17,0,0,2
1177,2490,3,17,0,0,2
1178,2505,1,12,-2,1,0
1179,2505,1,13,-1,1,0
1180,2508,2,15,-3,0,0
1181,2508,1,16,-1,0,2
1182,2517,1,14,0,1,0
1183,2521,1,14,0,1,0
1184,2521,2,15,2,1,2
1185,2521,3,15,4,1,2
1186,2529,3,17,2,1,2
1187,2529,3,16,1,1,2
1188,2529,3,14,0,1,0
1189,2529,1,14,2,1,2
1190,2533,1,15,-1,1,0
1191,2533,3,16,4,1,2
1192,2533,1,15,0,0,2
1193,2533,3,15,1,0,2
1194,2533,3,14,0,0,2
1195,2534,2,14,-1,0,0
1196,2540,1,12,-6,0,0
1197,2540,1,14,0,0,2
1198,2540,3,13,0,0,0
1199,2545,3,16,4,1,2
1200,2548,2,18,8,1,2
1201,2548,3,21,4,0,2
1202,2548,2,14,-1,0,0
1203,2548,1,14,-1,0,0
1204,2559,1,15,-2,1,0
1205,2559,1,13,-2,0,0
1206,2559,3,23,7,0,2
1207,2560,3,16,3,1,2
1208,2560,3,15,0,1,0
1209,2562,3,15,0,1,0
1210,2562,1,14,-1,0,0
1211,2562,2,15,0,0,2
1212,2565,1,16,-2,0,0
1213,2565,2,16,-1,0,2
1214,2580,3,16,2,0,2
1215,2580,1,14,0,0,2
1216,2580,1,15,2,0,2
1217,2584,1,12,0,1,0
1218,2586,3,13,0,0,0
1219,2586,3,16,3,0,2
1220,2588,1,16,2,0,2
1221,2588,3,16,3,0,2
1222,2589,1,12,-3,1,0
1223,2589,3,15,4,1,2
1224,2589,2,14,2,1,2
1225,2589,1,13,1,0,2
1226,2597,3,13,1,0,2
1227,2599,3,14,1,0,2
1228,2606,3,17,1,0,2
1229,2606,1,11,-1,0,0
1230,2607,3,19,9,0,2
1231,2607,3,15,2,0,2
1232,2608,3,14,-2,0,0
1233,2608,3,15,-1,0,0
1234,2609,3,15,-2,1,0
1235,2609,2,15,-2,1,0
1236,2609,1,14,0,0,2
1237,2610,3,18,5,1,2
1238,2610,1,18,-3,0,0
1239,2610,1,16,-2,0,0
1240,2610,3,15,-2,0,0
1241,2610,3,17,0,0,2
1242,2611,1,15,0,0,2
1243,2611,2,14,-2,0,0
1244,2613,3,17,1,1,2
1245,2613,3,17,1,1,2
1246,2613,3,17,2,1,2
1247,2613,3,16,0,0,2
1248,2621,3,17,0,1,2
1249,2621,1,14,-3,0,0
1250,2621,1,16,-1,0,2
1251,2633,3,16,3,1,2
1252,2633,1,15,2,1,2
1253,2633,3,14,3,1,2
1254,2653,3,14,0,0,2
1255,2655,2,13,-2,0,0
1256,2655,3,15,1,0,2
1257,2655,1,14,0,0,2
1258,2663,3,18,0,0,2
1259,2670,1,15,0,1,0
1260,2677,3,18,1,1,2
1261,2677,3,17,3,1,2
1262,2677,3,16,1,0,2
1263,2680,3,18,4,1,2
1264,2680,1,16,-1,1,0
1265,2680,1,16,0,1,2
1266,2680,1,15,0,1,0
1267,2680,1,15,-1,1,0
1268,2680,3,14,0,1,0
1269,2680,3,15,6,1,2
1270,2684,2,17,0,1,2
1271,2684,1,14,0,1,0
1272,2684,2,15,0,1,0
1273,2684,3,15,0,1,0
1274,2684,1,13,0,1,0
1275,2685,1,14,-3,0,0
1276,2685,3,15,0,0,2
1277,2685,1,13,-1,0,0
1278,2685,1,15,0,0,2
1279,2686,2,15,0,1,0
1280,2686,1,14,0,1,0
1281,2686,1,14,-2,0,0
1282,2689,3,16,0,0,2
1283,2689,1,14,-1,0,0
1284,2694,1,12,0,1,0
1285,2694,1,14,-1,0,0
1286,2701,1,15,-2,1,0
1287,2702,3,13,1,0,2
1288,2702,1,14,3,0,2
1289,2709,1,16,-1,0,2
1290,2709,2,15,0,0,2
1291,2709,3,14,0,0,2
1292,2711,1,15,0,0,2
1293,2711,3,14,0,0,2
1294,2711,3,17,1,0,2
1295,2719,3,18,1,0,2
1296,2727,3,16,1,1,2
1297,2727,1,16,7,1,2
1298,2728,3,16,1,0,2
1299,2730,1,14,-1,0,0
1300,2730,3,14,-1,0,0
1301,2730,2,16,0,0,2
1302,2730,1,15,0,0,2
1303,2737,3,14,0,1,0
1304,2737,3,15,4,1,2
1305,2739,1,12,-3,0,0
1306,2739,2,13,-2,0,0
1307,2755,3,17,3,0,2
1308,2755,3,13,0,0,0
1309,2755,3,15,0,0,2
1310,2757,1,11,-3,0,0
1311,2757,3,13,0,0,0
1312,2758,2,16,1,0,2
1313,2759,1,13,0,0,0
1314,2760,3,15,1,0,2
1315,2760,1,14,1,0,2
1316,2761,3,18,0,0,2
1317,2761,3,18,1,0,2
1318,2763,3,16,-1,0,2
1319,2763,1,14,-3,0,0
1320,2770,1,14,-1,1,0
1321,2770,3,14,1,1,2
1322,2781,1,12,0,0,0
1323,2784,3,14,4,1,2
1324,2784,1,16,4,0,2
1325,2784,3,13,1,0,2
1326,2790,1,14,-1,1,0
1327,2802,3,16,1,1,2
1328,2802,3,17,1,1,2
1329,2802,3,16,1,1,2
1330,2802,3,17,2,1,2
1331,2804,3,15,5,1,2
1332,2804,2,13,1,1,0
1333,2804,3,14,0,0,2
1334,2804,2,14,0,0,2
1335,2805,1,18,0,1,2
1336,2805,1,16,0,1,2
1337,2805,3,16,0,1,2
1338,2805,3,16,0,1,2
1339,2805,1,16,0,0,2
1340,2805,3,19,3,0,2
1341,2811,3,14,1,0,2
1342,2814,3,17,0,0,2
1343,2815,3,16,0,0,2
1344,2816,3,14,0,1,0
1345,2816,3,17,3,1,2
1346,2816,3,16,0,0,2
1347,2816,1,16,0,0,2
1348,2817,1,15,0,1,0
1349,2817,2,16,0,1,2
1350,2817,1,16,0,1,2
1351,2817,2,15,-2,0,0
1352,2820,3,17,0,0,2
1353,2820,3,19,2,0,2
1354,2820,3,18,1,0,2
1355,2821,1,16,-2,0,0
1356,2821,3,18,2,0,2
1357,2823,3,18,2,0,2
1358,2823,3,14,-1,0,0
1359,2823,3,16,0,0,2
1360,2823,1,18,2,0,2
1361,2827,3,17,2,0,2
1362,2827,3,16,2,0,2
1363,2830,1,13,-3,1,0
1364,2830,1,14,-3,0,0
1365,2836,1,10,-5,0,0
1366,2836,3,15,0,0,2
1367,2837,3,17,1,1,2
1368,2837,3,15,0,1,0
1369,2837,3,19,5,1,2
1370,2837,3,16,2,1,2
1371,2837,3,16,1,1,2
1372,2840,2,15,-4,0,0
1373,2841,3,14,1,0,2
1374,2859,3,17,1,0,2
1375,2859,3,17,1,0,2
1376,2861,1,13,-1,0,0
1377,2871,3,16,1,0,2
1378,2871,1,16,2,0,2
1379,2871,1,13,-1,0,0
1380,2873,1,15,-1,0,0
1381,2875,1,14,-1,0,0
1382,2875,2,14,0,0,2
1383,2883,3,15,2,1,2
1384,2883,1,16,1,1,2
1385,2883,3,18,4,1,2
1386,2885,3,16,0,1,2
1387,2885,3,16,2,1,2
1388,2885,3,16,-4,0,0
1389,2886,3,16,2,1,2
1390,2886,1,15,0,1,0
1391,2886,3,16,1,1,2
1392,2890,2,18,3,1,2
1393,2890,3,16,0,1,2
1394,2890,1,16,-1,1,0
1395,2896,1,15,-1,0,0
1396,2901,1,18,3,1,2
1397,2901,1,15,2,1,2
1398,2904,3,15,0,0,2
1399,2904,1,15,-1,0,0
1400,2910,2,15,0,0,2
1401,2915,1,16,-2,0,0
1402,2915,3,16,0,0,2
1403,2916,1,13,-2,0,0
1404,2917,1,14,0,0,2
1405,2917,3,17,5,0,2
1406,2917,3,18,6,0,2
1407,2918,1,11,-1,0,0
1408,2939,1,14,2,1,2
1409,2939,3,15,3,1,2
1410,2939,3,15,1,1,2
1411,2939,2,14,-2,0,0
1412,2939,1,15,-1,0,0
1413,2939,3,15,2,0,2
1414,2947,3,16,-1,0,2
1415,2947,2,15,-1,0,0
1416,2950,2,17,5,1,2
1417,2950,3,17,0,1,2
1418,2950,3,16,1,1,2
1419,2950,3,16,2,1,2
1420,2950,1,17,3,1,2
1421,2961,1,15,-1,1,0
1422,2961,2,13,-1,0,0
1423,2961,1,14,-1,0,0
1424,2961,3,16,0,0,2
1425,2964,1,15,0,0,2
1426,2964,3,17,1,0,2
1427,2964,3,16,2,0,2
1428,2964,3,17,3,0,2
1429,2986,3,15,0,1,0
1430,2986,1,14,0,1,0
1431,2986,3,14,0,1,0
1432,2986,1,17,5,1,2
1433,2991,3,15,2,1,2
1434,2991,1,13,-1,0,0
1435,2991,1,15,0,0,2
1436,2999,3,14,0,1,0
1437,2999,3,15,4,1,2
1438,3002,3,14,1,1,2
1439,3002,3,16,4,1,2
1440,3002,2,16,4,1,2
1441,3002,1,16,4,1,2
1442,3003,3,15,0,0,2
1443,3005,1,12,-5,0,0
1444,865,2,13,-4,0,0
1445,865,1,17,0,0,2
1446,865,1,14,-1,0,0
1447,867,1,16,0,0,2
1448,870,3,17,0,0,2
1449,881,1,14,-1,0,0
1450,883,2,15,-1,0,0
1451,883,1,16,-1,0,2
1452,891,1,14,-1,0,0
1453,891,1,16,0,0,2
1454,891,1,15,-2,0,0
1455,892,2,17,-1,0,2
1456,893,3,14,-1,0,0
1457,894,1,14,-4,0,0
1458,899,1,13,-3,0,0
1459,926,2,14,-2,0,0
1460,926,1,16,0,0,2
1461,926,3,16,1,0,2
1462,941,1,10,-4,0,0
1463,946,3,13,0,0,0
1464,947,1,8,-7,0,0
1465,947,1,9,-2,0,0
1466,947,1,8,-4,0,0
1467,947,3,12,1,0,2
1468,964,3,11,-3,0,0
1469,964,1,14,-1,0,0
1470,968,2,15,1,0,2
1471,968,3,15,0,0,2
1472,973,3,14,-2,0,0
1473,973,3,15,0,0,2
1474,976,1,14,0,0,2
1475,976,1,14,-1,0,0
1476,978,1,13,-1,0,0
1477,978,2,12,-3,0,0
1478,978,1,13,-2,0,0
1479,982,1,15,-2,0,0
1480,986,3,14,-2,0,0
1481,991,1,14,-3,0,0
1482,991,1,15,0,0,2
1483,992,3,15,0,0,2
1484,992,1,13,-1,0,0
1485,997,1,13,-2,0,0
1486,997,3,15,0,0,2
1487,997,1,14,0,0,2
1488,997,1,11,-3,0,0
1489,1003,2,15,-2,0,0
1490,1018,1,13,-6,0,0
1491,1024,1,13,-6,0,0
1492,1025,3,11,-6,0,0
1493,1032,3,17,0,0,2
1494,1032,1,15,0,0,2
1495,1032,1,16,-1,0,2
1496,1035,3,15,-3,0,0
1497,1035,1,15,-2,0,0
1498,1035,3,15,-2,0,0
1499,1035,2,14,-3,0,0
1500,1037,1,13,0,0,0
1501,1042,1,13,-4,0,0
1502,1042,1,14,-4,0,0
1503,1042,1,14,-3,0,0
1504,1046,3,14,-2,0,0
1505,1046,1,14,-1,0,0
1506,1046,3,16,0,0,2
1507,1046,1,14,-1,0,0
1508,1055,3,15,0,0,2
1509,1055,1,13,-2,0,0
1510,1100,2,12,1,0,2
1511,1101,1,13,-3,0,0
1512,1115,3,17,0,0,2
1513,1115,3,17,1,0,2
1514,1118,2,19,0,0,2
1515,1118,1,12,-3,0,0
1516,1118,1,12,-2,0,0
1517,1122,3,15,0,0,2
1518,1122,3,15,0,0,2
1519,1123,3,14,0,0,2
1520,1125,3,15,0,0,2
1521,1130,3,15,0,0,2
1522,1130,2,13,-2,0,0
1523,1133,1,15,-1,0,0
1524,1133,3,15,0,0,2
1525,1154,2,13,-1,0,0
1526,1163,1,13,-2,0,0
1527,1167,1,14,-2,0,0
1528,1172,3,13,-4,0,0
1529,1176,1,14,-2,0,0
1530,1190,1,14,-1,0,0
1531,1190,3,15,0,0,2
1532,1193,2,15,-1,0,0
1533,1215,1,9,-14,0,0
1534,1229,2,12,-7,0,0
1535,1232,1,13,-3,0,0
1536,1235,3,17,0,0,2
1537,1236,1,14,-2,0,0
1538,1236,3,16,5,0,2
1539,1236,1,14,-1,0,0
1540,1239,3,15,-7,0,0
1541,1241,3,15,0,0,2
1542,1241,1,14,-2,0,0
1543,1241,2,14,-1,0,0
1544,1241,1,15,-1,0,0
1545,1241,1,13,-1,0,0
1546,1242,1,14,-3,0,0
1547,1244,2,17,-1,0,2
1548,1245,3,13,-1,0,0
1549,1249,2,15,-2,0,0
1550,1249,3,16,0,0,2
1551,1250,1,16,0,0,2
1552,1250,3,15,-1,0,0
1553,1251,3,16,0,0,2
1554,1251,2,17,1,0,2
1555,1259,3,15,0,0,2
1556,1276,1,14,-5,0,0
1557,1276,3,13,0,0,0
1558,1277,1,12,0,0,0
1559,1291,1,13,-2,0,0
1560,1303,1,15,-3,0,0
1561,1303,1,16,-1,0,2
1562,1307,1,14,-6,0,0
1563,1307,1,15,-2,0,0
1564,1316,3,14,0,0,2
1565,1324,1,15,-1,0,0
1566,1324,1,14,-4,0,0
1567,1324,3,17,2,0,2
1568,1326,3,14,-3,0,0
1569,1344,3,18,1,0,2
1570,1344,2,15,-1,0,0
1571,1351,1,15,-1,0,0
1572,1355,1,15,-4,0,0
1573,1357,3,13,-1,0,0
1574,1360,1,13,-2,0,0
1575,1363,3,16,1,0,2
1576,1364,2,13,-4,0,0
1577,1364,1,13,-2,0,0
1578,1364,1,13,-1,0,0
1579,1364,1,13,-1,0,0
1580,1371,2,15,0,0,2
1581,1371,1,15,0,0,2
1582,1371,3,15,0,0,2
1583,1373,1,13,-3,0,0
1584,1374,1,13,-2,0,0
1585,1374,2,13,-2,0,0
1586,1377,1,8,-6,0,0
1587,1381,2,15,0,0,2
1588,1451,3,11,-1,0,0
1589,1451,1,11,0,0,0
1590,1465,1,14,-1,0,0
1591,1465,2,14,0,0,2
1592,1465,3,16,0,0,2
1593,1479,1,9,-8,0,0
1594,1482,3,14,-4,0,0
1595,1483,1,13,-3,0,0
1596,1483,1,13,-1,0,0
1597,1483,2,13,-4,0,0
1598,1484,1,15,-4,0,0
1599,1510,1,15,-1,0,0
1600,1514,3,15,-2,0,0
1601,1518,1,14,-2,0,0
1602,1526,2,15,0,0,2
1603,1526,2,14,-1,0,0
1604,1535,3,12,-2,0,0
1605,1551,1,11,-3,0,0
1606,1597,3,15,-2,0,0
1607,1597,1,15,-1,0,0
1608,1597,3,16,-1,0,2
1609,1598,2,15,-2,0,0
1610,1598,3,17,0,0,2
1611,1598,1,15,-1,0,0
1612,1603,1,15,0,0,2
1613,1604,2,16,-1,0,2
1614,1604,1,15,-2,0,0
1615,1604,2,17,0,0,2
1616,1604,3,17,0,0,2
1617,1605,3,17,0,0,2
1618,1612,3,17,0,0,2
1619,1618,3,16,0,0,2
1620,1620,1,14,-2,0,0
1621,1634,1,16,0,0,2
1622,1634,2,16,-2,0,0
1623,1636,1,14,-3,0,0
1624,1640,3,16,-2,0,0
1625,1640,3,17,0,0,2
1626,1640,3,17,0,0,2
1627,1640,1,16,0,0,2
1628,1643,1,15,-3,0,0
1629,1644,3,16,0,0,2
1630,1645,2,15,-2,0,0
1631,1645,2,14,-3,0,0
1632,1646,3,15,-3,0,0
1633,1652,2,16,-3,0,0
1634,1659,1,13,-1,0,0
1635,1661,1,15,0,0,2
1636,1661,3,14,0,0,2
1637,1661,1,14,-1,0,0
1638,1664,1,13,-2,0,0
1639,1664,2,12,-2,0,0
1640,1672,2,15,1,0,2
1641,1675,3,15,0,0,2
1642,1675,1,14,-1,0,0
1643,1675,3,14,1,0,2
1644,1694,3,17,0,0,2
1645,1694,1,17,0,0,2
1646,1703,3,16,0,0,2
1647,1703,1,16,-1,0,2
1648,1723,1,17,1,0,2
1649,1723,1,16,-1,0,2
1650,1724,1,13,-3,0,0
1651,1724,2,14,-2,0,0
1652,1724,3,16,0,0,2
1653,1728,2,16,0,0,2
1654,1729,1,14,-1,0,0
1655,1736,1,12,-4,0,0
1656,1740,1,15,0,0,2
1657,1746,2,16,0,0,2
1658,1746,3,16,0,0,2
1659,1750,1,13,-4,0,0
1660,1758,1,5,0,0,0
1661,1785,1,13,-1,0,0
1662,1791,1,15,0,0,2
1663,1816,1,12,-4,0,0
1664,1816,3,12,-4,0,0
1665,1822,1,11,-4,0,0
1666,1823,3,15,1,0,2
1667,1830,1,9,-5,0,0
1668,1831,3,15,3,0,2
1669,1863,2,13,0,0,0
1670,1876,1,14,-1,0,0
1671,1881,1,14,-2,0,0
1672,1882,3,15,0,0,2
1673,1882,1,15,-2,0,0
1674,1889,1,15,-1,0,0
1675,1902,2,15,0,0,2
1676,1904,3,14,-1,0,0
1677,1916,3,13,1,0,2
1678,1916,3,14,0,0,2
1679,1917,1,12,-1,0,0
1680,1918,1,14,0,0,2
1681,1918,3,14,2,0,2
1682,1926,1,14,0,0,2
1683,1935,3,14,0,0,2
1684,1940,1,13,-1,0,0
1685,1940,1,13,-2,0,0
1686,1996,1,13,-2,0,0
1687,2008,2,14,-4,0,0
1688,2046,3,13,0,0,0
1689,2065,1,14,-1,0,0
1690,2065,2,15,-1,0,0
1691,2077,1,13,0,0,0
1692,2086,1,13,0,0,0
1693,2097,3,14,0,0,2
1694,2105,1,12,-1,0,0
1695,2108,1,10,-2,0,0
1696,2123,3,12,-2,0,0
1697,2123,2,13,-2,0,0
1698,2146,1,16,-1,0,2
1699,2146,3,16,0,0,2
1700,2147,1,13,-1,0,0
1701,2172,1,13,-1,0,0
1702,2181,2,11,-8,0,0
1703,2197,1,15,-1,0,0
1704,2236,1,13,0,0,0
1705,2240,1,12,-4,0,0
1706,2240,1,12,-2,0,0
1707,2286,3,15,0,0,2
1708,2297,3,15,0,0,2
1709,2297,1,15,-1,0,0
1710,2314,1,15,-1,0,0
1711,2314,3,16,0,0,2
1712,2319,1,15,0,0,2
1713,2319,1,13,-3,0,0
1714,2325,1,13,0,0,0
1715,2325,1,13,0,0,0
1716,2326,1,15,-3,0,0
1717,2330,3,16,0,0,2
1718,2338,3,15,0,0,2
1719,2338,1,14,0,0,2
1720,2338,3,13,-3,0,0
1721,2358,1,11,-2,0,0
1722,2358,3,15,0,0,2
1723,2358,3,15,0,0,2
1724,2385,1,14,-1,0,0
1725,2385,1,15,0,0,2
1726,2385,1,17,1,0,2
1727,2424,1,15,0,0,2
1728,2430,3,9,-7,0,0
1729,2434,3,12,-1,0,0
1730,2438,2,12,-2,0,0
1731,2438,1,13,0,0,0
1732,2446,3,15,0,0,2
1733,2449,1,13,-2,0,0
1734,2454,2,15,0,0,2
1735,2464,1,14,-1,0,0
1736,2469,3,15,0,0,2
1737,2475,3,15,0,0,2
1738,2479,3,14,0,0,2
1739,2479,1,14,-1,0,0
1740,2479,1,16,-1,0,2
1741,2483,3,16,0,0,2
1742,2483,1,14,-3,0,0
1743,2484,1,13,-1,0,0
1744,2488,3,14,-3,0,0
1745,2488,1,15,0,0,2
1746,2488,3,15,0,0,2
1747,2489,1,15,0,0,2
1748,2489,3,16,0,0,2
1749,2489,1,15,0,0,2
1750,2490,2,16,0,0,2
1751,2508,3,19,1,0,2
1752,2533,2,15,0,0,2
1753,2533,3,13,-1,0,0
1754,2533,1,13,-1,0,0
1755,2548,1,13,-3,0,0
1756,2559,2,13,-5,0,0
1757,2580,1,15,0,0,2
1758,2588,1,12,-4,0,0
1759,2597,1,11,-1,0,0
1760,2597,1,12,1,0,2
1761,2599,1,11,-1,0,0
1762,2599,1,12,-1,0,0
1763,2601,3,16,1,0,2
1764,2601,1,13,-1,0,0
1765,2606,2,11,0,0,0
1766,2606,1,12,-2,0,0
1767,2606,1,13,-1,0,0
1768,2608,3,12,-4,0,0
1769,2608,1,12,-3,0,0
1770,2609,1,14,-5,0,0
1771,2610,3,18,0,0,2
1772,2610,2,17,0,0,2
1773,2611,1,12,-1,0,0
1774,2613,2,16,0,0,2
1775,2613,1,14,-3,0,0
1776,2619,3,14,0,0,2
1777,2619,1,13,-1,0,0
1778,2619,1,13,-1,0,0
1779,2619,1,12,-2,0,0
1780,2621,3,15,-3,0,0
1781,2624,1,14,0,0,2
1782,2633,1,14,-2,0,0
1783,2647,2,11,-4,0,0
1784,2648,3,15,-1,0,0
1785,2650,1,12,-1,0,0
1786,2653,2,10,-5,0,0
1787,2677,1,15,-3,0,0
1788,2677,3,17,0,0,2
1789,2677,3,17,3,0,2
1790,2685,1,14,0,0,2
1791,2685,3,14,0,0,2
1792,2689,3,12,-2,0,0
1793,2689,3,13,-1,0,0
1794,2689,3,14,0,0,2
1795,2702,1,11,-2,0,0
1796,2709,1,15,0,0,2
1797,2711,1,14,-1,0,0
1798,2719,1,13,-5,0,0
1799,2719,1,16,-2,0,0
1800,2721,1,14,-1,0,0
1801,2727,2,14,-1,0,0
1802,2727,1,13,-2,0,0
1803,2730,3,15,1,0,2
1804,2730,3,14,-1,0,0
1805,2755,1,11,-3,0,0
1806,2757,1,10,-3,0,0
1807,2758,3,15,0,0,2
1808,2759,3,11,-2,0,0
1809,2759,1,12,0,0,0
1810,2761,1,16,0,0,2
1811,2763,2,14,-2,0,0
1812,2765,1,11,-4,0,0
1813,2765,3,13,-1,0,0
1814,2765,1,10,-2,0,0
1815,2781,3,13,0,0,0
1816,2784,3,10,-3,0,0
1817,2784,1,12,0,0,0
1818,2784,3,15,3,0,2
1819,2805,2,11,-4,0,0
1820,2805,1,15,0,0,2
1821,2807,1,13,-1,0,0
1822,2807,2,12,-1,0,0
1823,2811,1,14,0,0,2
1824,2811,1,14,-1,0,0
1825,2814,1,14,-3,0,0
1826,2814,1,14,-2,0,0
1827,2815,1,14,0,0,2
1828,2816,3,16,1,0,2
1829,2816,3,16,1,0,2
1830,2816,1,15,0,0,2
1831,2817,1,13,-4,0,0
1832,2817,3,14,-2,0,0
1833,2820,3,15,0,0,2
1834,2820,3,16,0,0,2
1835,2820,3,17,1,0,2
1836,2821,1,15,0,0,2
1837,2823,2,14,-1,0,0
1838,2823,1,16,1,0,2
1839,2830,1,13,-5,0,0
1840,2830,3,12,-4,0,0
1841,2836,1,10,-5,0,0
1842,2836,1,13,-2,0,0
1843,2843,3,14,-2,0,0
1844,2843,1,14,-2,0,0
1845,2859,1,15,-1,0,0
1846,2861,2,12,-4,0,0
1847,2861,1,12,-2,0,0
1848,2871,3,14,0,0,2
1849,2873,2,13,0,0,0
1850,2873,1,13,-1,0,0
1851,2873,1,13,0,0,0
1852,2878,1,14,0,0,2
1853,2885,1,13,-5,0,0
1854,2896,1,14,-2,0,0
1855,2896,2,14,-1,0,0
1856,2898,3,15,0,0,2
1857,2898,3,15,0,0,2
1858,2915,3,15,-1,0,0
1859,2916,1,11,-3,0,0
1860,2917,1,10,-3,0,0
1861,2917,3,13,0,0,0
1862,2918,2,11,0,0,0
1863,2918,1,10,-2,0,0
1864,2924,3,15,-1,0,0
1865,2939,1,14,-6,0,0
1866,2940,1,12,0,0,0
1867,2946,2,13,-2,0,0
1868,2947,3,14,-2,0,0
1869,2961,1,12,-3,0,0
1870,2961,2,14,0,0,2
1871,2964,1,10,-4,0,0
1872,2964,3,15,0,0,2
1873,13,1,12,0,1,0
1874,79,1,10,-6,1,0
1875,79,3,16,8,1,2
1876,82,1,15,2,1,2
1877,95,2,13,-2,1,0
1878,111,1,13,0,1,0
1879,125,1,12,-1,1,0
1880,125,1,14,0,1,0
1881,133,1,13,-4,1,0
1882,133,1,14,1,1,2
1883,133,3,13,3,1,2
1884,133,2,15,1,1,2
1885,133,1,15,0,1,0
1886,133,1,14,-1,1,0
1887,133,3,15,3,1,2
1888,133,1,15,3,1,2
1889,139,1,12,0,1,0
1890,184,1,11,0,1,0
1891,204,2,13,-2,1,0
1892,204,1,15,3,1,2
1893,223,1,11,-1,1,0
1894,231,1,14,0,1,0
1895,240,2,13,1,1,0
1896,240,3,13,2,1,2
1897,240,1,13,0,1,0
1898,245,3,12,1,1,0
1899,245,3,11,1,1,0
1900,256,1,14,0,1,0
1901,260,1,12,0,1,0
1902,260,3,12,0,1,0
1903,260,3,10,2,1,0
1904,266,1,13,-2,1,0
1905,266,1,13,-1,1,0
1906,278,1,8,-8,1,0
1907,278,1,6,-9,1,0
1908,281,1,12,-5,1,0
1909,281,2,14,-2,1,0
1910,281,1,11,-3,1,0
1911,304,3,14,2,1,2
1912,304,3,14,-4,1,0
1913,304,1,14,-4,1,0
1914,310,1,15,0,1,0
1915,310,1,15,0,1,0
1916,310,3,16,0,1,2
1917,310,1,13,-2,1,0
1918,310,3,15,1,1,2
1919,317,3,13,0,1,0
1920,320,1,17,0,1,2
1921,320,3,15,2,1,2
1922,320,1,15,0,1,0
1923,398,1,12,-3,1,0
1924,457,1,12,0,1,0
1925,472,3,16,3,1,2
1926,488,3,14,0,1,0
1927,496,3,16,1,1,2
1928,505,2,12,2,1,2
1929,505,3,16,1,1,2
1930,522,1,14,0,1,0
1931,522,1,14,0,1,0
1932,531,1,10,-2,1,0
1933,531,1,11,-2,1,0
1934,605,1,12,-5,1,0
1935,605,1,13,-2,1,0
1936,646,1,13,-1,1,0
1937,646,3,17,2,1,2
1938,651,3,12,2,1,2
1939,652,2,14,-1,1,0
1940,652,1,10,-2,1,0
1941,652,3,14,0,1,0
1942,652,1,14,0,1,0
1943,660,1,11,-2,1,0
1944,663,1,13,-2,1,0
1945,663,1,14,0,1,0
1946,663,1,13,-2,1,0
1947,663,1,12,-2,1,0
1948,690,3,15,-2,1,0
1949,690,3,15,0,1,0
1950,690,2,17,3,1,2
1951,692,3,17,0,1,2
1952,692,1,15,-1,1,0
1953,692,3,16,0,1,2
1954,699,2,15,-1,1,0
1955,709,3,17,2,1,2
1956,709,3,14,0,1,0
1957,709,1,16,0,1,2
1958,713,3,15,-2,1,0
1959,737,3,17,2,1,2
1960,737,1,18,2,1,2
1961,756,2,15,-2,1,0
1962,773,1,14,-3,1,0
1963,780,3,16,3,1,2
1964,780,1,14,0,1,0
1965,780,3,14,7,1,2
1966,783,3,16,0,1,2
1967,783,3,15,3,1,2
1968,783,3,17,2,1,2
1969,783,1,15,0,1,0
1970,788,3,16,3,1,2
1971,788,3,16,4,1,2
1972,815,2,12,-4,1,0
1973,815,1,10,-1,1,0
1974,818,1,13,-1,1,0
1975,820,1,13,0,1,0
1976,827,1,14,-4,1,0
1977,827,1,13,-5,1,0
1978,841,1,14,1,1,2
1979,852,3,17,1,1,2
1980,852,3,16,1,1,2
1981,854,3,15,0,1,0
1982,854,1,14,0,1,0
1983,867,3,14,1,1,2
1984,870,3,14,-3,1,0
1985,870,1,13,-5,1,0
1986,870,1,10,-6,1,0
1987,870,3,17,1,1,2
1988,891,3,16,0,1,2
1989,891,1,14,-4,1,0
1990,891,1,15,-1,1,0
1991,891,3,16,0,1,2
1992,891,1,15,-2,1,0
1993,892,3,17,0,1,2
1994,894,2,17,4,1,2
1995,900,1,13,0,1,0
1996,914,3,12,-5,1,0
1997,918,1,12,-3,1,0
1998,918,3,16,2,1,2
1999,918,3,14,4,1,2
2000,927,1,11,1,1,0
2001,927,3,12,2,1,2
2002,936,1,13,-1,1,0
2003,939,1,12,-1,1,0
2004,954,1,12,-4,1,0
2005,954,2,12,-1,1,0
2006,954,1,12,0,1,0
2007,969,1,13,-2,1,0
2008,969,3,13,0,1,0
2009,969,1,13,-2,1,0
2010,969,1,11,-1,1,0
2011,969,3,13,0,1,0
2012,982,1,13,-2,1,0
2013,982,3,15,0,1,0
2014,986,3,14,3,1,2
2015,1019,1,16,0,1,2
2016,1019,2,15,0,1,0
2017,1031,2,15,-1,1,0
2018,1034,3,14,0,1,0
2019,1034,1,12,-1,1,0
2020,1034,1,12,-1,1,0
2021,1034,3,14,0,1,0
2022,1035,1,15,0,1,0
2023,1045,1,10,-2,1,0
2024,1045,2,13,2,1,2
2025,1054,1,14,-1,1,0
2026,1059,3,12,-1,1,0
2027,1059,1,12,-1,1,0
2028,1069,3,11,2,1,0
2029,1069,1,13,0,1,0
2030,1071,3,13,2,1,2
2031,1071,3,13,1,1,0
2032,1091,3,11,-2,1,0
2033,1091,3,12,0,1,0
2034,1091,1,12,0,1,0
2035,1091,1,11,0,1,0
2036,1101,1,14,0,1,0
2037,1101,1,13,0,1,0
2038,1101,3,14,3,1,2
2039,1115,1,16,-8,1,0
2040,1115,2,15,0,1,0
2041,1115,1,14,0,1,0
2042,1115,2,15,1,1,2
2043,1115,3,15,8,1,2
2044,1118,1,14,6,1,2
2045,1138,1,16,-2,1,0
2046,1149,1,15,0,1,0
2047,1151,1,14,0,1,0
2048,1151,1,13,-1,1,0
2049,1151,1,14,0,1,0
2050,1151,1,13,1,1,0
2051,1151,3,13,1,1,0
2052,1163,1,12,0,1,0
2053,1171,2,10,-5,1,0
2054,1171,1,14,0,1,0
2055,1171,1,12,0,1,0
2056,1171,3,10,0,1,0
2057,1172,3,14,3,1,2
2058,1186,1,14,-2,1,0
2059,1186,3,14,0,1,0
2060,1193,2,16,1,1,2
2061,1193,3,15,1,1,2
2062,1225,1,12,-1,1,0
2063,1228,1,13,-2,1,0
2064,1229,1,11,-5,1,0
2065,1229,2,11,-4,1,0
2066,1229,1,9,-4,1,0
2067,1235,1,14,-2,1,0
2068,1242,3,16,-3,1,0
2069,1244,1,15,0,1,0
2070,1244,3,17,2,1,2
2071,1249,2,16,0,1,2
2072,1250,1,16,0,1,2
2073,1250,1,13,-3,1,0
2074,1250,1,14,3,1,2
2075,1292,1,13,-1,1,0
2076,1292,1,14,0,1,0
2077,1301,1,14,-1,1,0
2078,1301,3,12,0,1,0
2079,1301,1,13,-1,1,0
2080,1301,2,12,0,1,0
2081,1303,3,16,2,1,2
2082,1308,2,17,0,1,2
2083,1308,1,15,-2,1,0
2084,1308,3,15,2,1,2
2085,1316,3,16,2,1,2
2086,1316,3,17,2,1,2
2087,1326,2,16,0,1,2
2088,1326,3,16,0,1,2
2089,1357,1,14,0,1,0
2090,1363,1,15,0,1,0
2091,1363,3,15,2,1,2
2092,1363,1,16,3,1,2
2093,1381,3,14,1,1,2
2094,1395,3,14,0,1,0
2095,1398,1,11,-2,1,0
2096,1398,1,12,-1,1,0
2097,1476,1,13,0,1,0
2098,1476,3,14,0,1,0
2099,1476,3,13,2,1,2
2100,1478,1,16,0,1,2
2101,1478,2,15,-1,1,0
2102,1478,3,18,6,1,2
2103,1482,3,13,0,1,0
2104,1489,2,15,-1,1,0
2105,1489,1,16,-3,1,0
2106,1489,3,15,2,1,2
2107,1489,2,11,-4,1,0
2108,1492,3,15,-1,1,0
2109,1492,3,15,5,1,2
2110,1499,1,15,1,1,2
2111,1521,1,16,0,1,2
2112,1529,1,14,-1,1,0
2113,1559,1,13,-2,1,0
2114,1559,3,13,1,1,0
2115,1571,2,12,-2,1,0
2116,1571,3,11,-2,1,0
2117,1597,1,15,0,1,0
2118,1603,3,17,0,1,2
2119,1605,2,15,-2,1,0
2120,1605,2,17,4,1,2
2121,1610,1,18,0,1,2
2122,1610,3,19,0,1,2
2123,1633,3,16,0,1,2
2124,1633,3,16,0,1,2
2125,1636,1,14,0,1,0
2126,1636,2,14,0,1,0
2127,1636,1,14,-1,1,0
2128,1664,1,15,3,1,2
2129,1664,3,15,2,1,2
2130,1669,1,15,0,1,0
2131,1672,3,14,0,1,0
2132,1675,1,14,0,1,0
2133,1680,3,15,0,1,0
2134,1686,1,13,-1,1,0
2135,1686,1,13,-1,1,0
2136,1686,3,13,0,1,0
2137,1686,2,14,1,1,2
2138,1686,3,13,0,1,0
2139,1693,3,17,2,1,2
2140,1693,3,15,2,1,2
2141,1693,3,19,1,1,2
2142,1694,3,17,0,1,2
2143,1694,3,16,0,1,2
2144,1703,1,15,1,1,2
2145,1703,3,15,1,1,2
2146,1711,1,17,0,1,2
2147,1711,3,16,1,1,2
2148,1720,3,16,0,1,2
2149,1733,1,16,0,1,2
2150,1733,2,16,0,1,2
2151,1733,3,17,0,1,2
2152,1739,1,15,1,1,2
2153,1749,3,16,0,1,2
2154,1749,3,17,0,1,2
2155,1757,1,4,-12,1,0
2156,1757,1,4,-11,1,0
2157,1757,1,4,-11,1,0
2158,1762,1,6,-1,1,0
2159,1778,2,15,-2,1,0
2160,1778,1,15,-1,1,0
2161,1778,3,14,1,1,2
2162,1783,1,14,-1,1,0
2163,1783,1,14,-2,1,0
2164,1801,3,17,1,1,2
2165,1802,1,14,0,1,0
2166,1823,3,14,0,1,0
2167,1823,1,14,0,1,0
2168,1831,3,15,11,1,2
2169,1835,1,12,-2,1,0
2170,1854,2,12,-4,1,0
2171,1860,3,12,1,1,0
2172,1860,3,14,1,1,2
2173,1860,3,14,2,1,2
2174,1873,1,16,0,1,2
2175,1873,1,14,-2,1,0
2176,1873,3,17,-1,1,2
2177,1873,1,16,0,1,2
2178,1873,3,16,0,1,2
2179,1880,2,15,-2,1,0
2180,1889,1,16,0,1,2
2181,1889,1,15,0,1,0
2182,1915,1,10,-2,1,0
2183,1915,1,11,-3,1,0
2184,1915,1,12,-2,1,0
2185,1935,3,14,4,1,2
2186,1935,3,12,1,1,0
2187,1940,1,12,-1,1,0
2188,1962,3,15,0,1,0
2189,1962,1,15,-1,1,0
2190,1962,2,16,1,1,2
2191,1966,3,18,0,1,2
2192,1966,2,18,0,1,2
2193,1966,3,19,2,1,2
2194,1966,3,18,1,1,2
2195,1966,1,16,0,1,2
2196,1966,3,19,1,1,2
2197,1966,1,17,1,1,2
2198,1966,3,19,2,1,2
2199,1966,3,19,2,1,2
2200,1966,1,19,3,1,2
2201,1986,3,15,0,1,0
2202,1996,1,15,0,1,0
2203,2043,2,14,0,1,0
2204,2056,1,15,0,1,0
2205,2056,3,16,2,1,2
2206,2062,3,14,-1,1,0
2207,2062,1,14,0,1,0
2208,2062,3,14,0,1,0
2209,2086,1,13,-1,1,0
2210,2097,1,12,-2,1,0
2211,2102,1,13,0,1,0
2212,2129,1,12,0,1,0
2213,2136,1,12,-1,1,0
2214,2136,1,12,-2,1,0
2215,2136,2,13,-1,1,0
2216,2136,1,12,-2,1,0
2217,2136,3,12,1,1,0
2218,2137,3,14,0,1,0
2219,2137,1,13,0,1,0
2220,2137,1,13,0,1,0
2221,2138,1,12,-3,1,0
2222,2147,1,14,-1,1,0
2223,2153,3,15,0,1,0
2224,2153,1,17,4,1,2
2225,2153,2,16,1,1,2
2226,2162,3,13,0,1,0
2227,2162,1,13,0,1,0
2228,2162,3,13,0,1,0
2229,2162,3,13,1,1,0
2230,2165,1,14,0,1,0
2231,2165,3,13,0,1,0
2232,2170,1,14,0,1,0
2233,2170,3,14,0,1,0
2234,2170,3,14,0,1,0
2235,2172,3,16,1,1,2
2236,2172,2,15,0,1,0
2237,2178,1,12,-1,1,0
2238,2181,1,13,-3,1,0
2239,2190,1,14,0,1,0
2240,2190,3,12,-2,1,0
2241,2197,3,16,0,1,2
2242,2197,1,16,0,1,2
2243,2218,1,14,-1,1,0
2244,2218,1,15,-1,1,0
2245,2218,2,15,0,1,0
2246,2218,1,14,0,1,0
2247,2220,1,13,-1,1,0
2248,2220,3,13,0,1,0
2249,2237,1,13,-3,1,0
2250,2237,1,13,-3,1,0
2251,2237,1,13,-2,1,0
2252,2239,2,12,4,1,2
2253,2250,1,14,0,1,0
2254,2263,1,13,0,1,0
2255,2280,2,14,0,1,0
2256,2296,2,15,2,1,2
2257,2311,3,15,0,1,0
2258,2311,2,13,-1,1,0
2259,2311,3,17,1,1,2
2260,2311,2,15,-2,1,0
2261,2316,1,13,0,1,0
2262,2326,1,14,-1,1,0
2263,2330,3,17,4,1,2
2264,2336,1,15,-1,1,0
2265,2351,1,12,0,1,0
2266,2351,3,15,-1,1,0
2267,2351,1,12,0,1,0
2268,2359,3,13,-1,1,0
2269,2366,2,14,0,1,0
2270,2366,1,14,-2,1,0
2271,2382,1,14,-2,1,0
2272,2382,1,14,2,1,2
2273,2388,3,16,2,1,2
2274,2388,3,16,2,1,2
2275,2391,3,14,2,1,2
2276,2399,3,14,0,1,0
2277,2399,1,13,-1,1,0
2278,2399,3,14,-1,1,0
2279,2399,1,14,1,1,2
2280,2417,2,13,0,1,0
2281,2417,1,12,0,1,0
2282,2417,1,13,0,1,0
2283,2417,3,14,0,1,0
2284,2421,2,15,0,1,0
2285,2424,2,15,0,1,0
2286,2424,3,13,4,1,2
2287,2428,1,13,0,1,0
2288,2428,3,11,-3,1,0
2289,2428,3,14,0,1,0
2290,2464,1,13,0,1,0
2291,2465,1,14,0,1,0
2292,2465,1,14,0,1,0
2293,2466,1,14,-2,1,0
2294,2466,1,13,-3,1,0
2295,2467,3,16,1,1,2
2296,2467,1,16,3,1,2
2297,2479,2,16,0,1,2
2298,2479,3,15,2,1,2
2299,2505,2,11,-3,1,0
2300,2517,1,13,0,1,0
2301,2517,3,13,1,1,0
2302,2517,2,14,2,1,2
2303,2521,3,15,0,1,0
2304,2529,3,13,-1,1,0
2305,2529,1,13,0,1,0
2306,2548,3,15,2,1,2
2307,2560,1,13,-1,1,0
2308,2560,3,15,0,1,0
2309,2596,1,14,-2,1,0
2310,2596,1,14,-1,1,0
2311,2610,2,14,0,1,0
2312,2610,2,15,2,1,2
2313,2621,2,16,0,1,2
2314,2633,1,14,1,1,2
2315,2633,3,14,1,1,2
2316,2633,3,13,5,1,2
2317,2647,2,13,-4,1,0
2318,2647,1,13,-3,1,0
2319,2647,1,15,-1,1,0
2320,2647,1,15,0,1,0
2321,2647,3,15,3,1,2
2322,2647,3,15,2,1,2
2323,2677,3,17,2,1,2
2324,2680,2,14,-2,1,0
2325,2680,1,16,0,1,2
2326,2680,1,15,0,1,0
2327,2680,3,15,0,1,0
2328,2684,1,13,-1,1,0
2329,2684,1,13,0,1,0
2330,2684,1,13,-1,1,0
2331,2684,3,14,3,1,2
2332,2686,1,13,1,1,0
2333,2694,1,12,-4,1,0
2334,2721,3,13,5,1,2
2335,2728,2,13,-5,1,0
2336,2728,2,17,3,1,2
2337,2728,1,12,-3,1,0
2338,2737,3,15,1,1,2
2339,2741,3,15,2,1,2
2340,2758,1,14,0,1,0
2341,2770,2,10,-5,1,0
2342,2774,1,12,2,1,2
2343,2774,3,12,2,1,2
2344,2779,3,11,-3,1,0
2345,2779,1,10,-2,1,0
2346,2790,1,12,-3,1,0
2347,2790,1,13,-2,1,0
2348,2790,3,12,2,1,2
2349,2804,3,14,2,1,2
2350,2805,2,13,-3,1,0
2351,2805,1,15,0,1,0
2352,2817,1,15,0,1,0
2353,2817,3,15,0,1,0
2354,2817,1,15,-1,1,0
2355,2817,1,14,-1,1,0
2356,2837,1,15,1,1,2
2357,2837,2,15,-2,1,0
2358,2837,1,15,-1,1,0
2359,2837,3,17,1,1,2
2360,2837,2,17,2,1,2
2361,2837,3,15,0,1,0
2362,2837,3,17,5,1,2
2363,2878,1,12,-2,1,0
2364,2883,1,14,0,1,0
2365,2883,1,12,0,1,0
2366,2883,3,14,0,1,0
2367,2883,3,15,0,1,0
2368,2883,1,12,0,1,0
2369,2885,1,15,0,1,0
2370,2885,3,16,6,1,2
2371,2885,3,14,0,1,0
2372,2885,2,16,5,1,2
2373,2885,3,15,4,1,2
2374,2886,3,14,0,1,0
2375,2886,3,15,2,1,2
2376,2890,3,16,1,1,2
2377,2890,1,14,-2,1,0
2378,2890,3,14,-1,1,0
2379,2890,2,14,-1,1,0
2380,2901,2,13,-3,1,0
2381,2901,1,10,-4,1,0
2382,2901,1,13,0,1,0
2383,2916,2,14,0,1,0
2384,2917,2,14,4,1,2
2385,2924,3,19,2,1,2
2386,2924,3,16,0,1,2
2387,2924,3,19,3,1,2
2388,2946,1,14,-1,1,0
2389,2950,1,14,0,1,0
2390,2950,2,15,3,1,2
2391,2950,3,14,1,1,2
2392,2950,3,14,0,1,0
2393,2950,3,14,3,1,2
2394,2986,1,11,0,1,0
2395,2989,2,13,-1,1,0
2396,2999,1,13,1,1,0
2397,2999,3,13,1,1,0
2398,3002,1,13,0,1,0
2399,3002,3,15,3,1,2
2400,3002,2,15,4,1,2
