ID,SubVehID,Choice,Gap,RelativeSpeed,TW,Predicted,Predicted_1,Predicted_Class
1,9,1,12,0,0,0,0,0
2,13,0,16,2,1,2,2,2
3,13,2,15,1,1,2,2,2
4,13,0,15,0,1,0,0,0
5,36,1,12,0,0,0,0,0
6,47,2,15,0,0,2,2,2
7,74,2,14,2,1,2,2,2
8,76,2,14,-1,1,0,0,0
9,77,2,14,3,0,2,2,2
10,77,0,16,4,0,2,2,2
11,78,2,14,1,0,2,2,2
12,82,0,14,-1,0,0,0,0
13,82,2,15,0,0,2,2,2
14,82,1,15,0,0,2,2,2
15,86,2,16,5,1,2,2,2
16,86,2,14,-1,0,0,0,0
17,87,2,16,1,0,2,2,2
18,87,2,15,1,0,2,2,2
19,95,1,13,-3,1,0,0,0
20,95,0,15,0,1,0,0,0
21,95,0,15,0,1,0,0,0
22,98,1,13,-2,0,0,0,0
23,102,2,13,0,0,0,0,0
24,109,2,14,2,0,2,2,2
25,111,0,15,0,1,0,0,0
26,111,2,14,0,1,0,0,0
27,113,2,16,0,0,2,2,2
28,122,2,15,0,0,2,2,2
29,122,2,17,0,0,2,2,2
30,125,2,16,1,1,2,2,2
31,125,1,12,-1,0,0,0,0
32,143,0,16,1,0,2,2,2
33,160,2,16,0,0,2,2,2
34,168,0,13,-3,1,0,0,0
35,172,0,13,0,0,0,0,0
36,186,0,13,-3,0,0,0,0
37,187,2,16,6,1,2,2,2
38,193,2,16,1,1,2,2,2
39,199,0,16,0,0,2,2,2
40,199,1,14,0,0,2,2,2
41,199,2,16,0,0,2,2,2
42,199,0,16,0,0,2,2,2
43,199,2,15,1,0,2,2,2
44,199,2,16,0,0,2,2,2
45,201,1,16,0,0,2,2,2
46,201,0,12,-2,0,0,0,0
47,204,2,19,9,1,2,2,2
48,204,1,20,10,1,2,2,2
49,205,1,14,-3,0,0,0,0
50,205,0,16,-1,0,2,2,2
51,205,2,17,1,0,2,2,2
52,207,2,17,-1,0,2,2,2
53,207,0,13,-2,0,0,0,0
54,207,2,15,0,0,2,2,2
55,207,2,16,0,0,2,2,2
56,209,2,17,-1,0,2,2,2
57,209,2,21,2,0,2,2,2
58,209,2,18,0,0,2,2,2
59,209,0,15,-2,0,0,0,0
60,223,0,16,0,1,2,2,2
61,223,2,17,3,1,2,2,2
62,223,2,16,7,1,2,2,2
63,231,2,14,0,1,0,0,0
64,231,0,16,2,1,2,2,2
65,231,2,15,2,1,2,2,2
66,240,2,13,2,1,2,2,2
67,240,2,14,3,1,2,2,2
68,240,2,13,0,1,0,0,0
69,240,2,13,1,1,0,0,0
70,242,0,14,-1,0,0,0,0
71,242,2,14,0,0,2,2,2
72,245,0,14,1,1,2,2,2
73,252,2,12,0,0,0,0,0
74,255,0,13,-1,0,0,0,0
75,256,2,15,0,1,0,0,0
76,260,0,13,0,1,0,0,0
77,260,0,12,0,1,0,0,0
78,260,2,12,0,1,0,0,0
79,265,2,13,0,0,0,0,0
80,266,1,14,1,1,2,2,2
81,271,0,13,-2,0,0,0,0
82,278,1,9,-4,1,0,0,0
83,281,0,12,-4,1,0,0,0
84,281,0,12,-3,1,0,0,0
85,282,0,13,0,1,0,0,0
86,284,2,15,0,0,2,2,2
87,284,2,16,4,0,2,2,2
88,285,0,13,0,0,0,0,0
89,285,2,13,1,0,2,2,2
90,304,0,15,-2,1,0,0,0
91,308,2,15,4,1,2,2,2
92,310,2,18,4,1,2,2,2
93,311,2,17,2,0,2,2,2
94,311,2,14,0,0,2,2,2
95,315,0,16,0,0,2,2,2
96,317,1,15,3,1,2,2,2
97,320,0,16,0,1,2,2,2
98,320,2,17,0,1,2,2,2
99,320,2,16,0,1,2,2,2
100,320,0,16,1,1,2,2,2
101,320,2,17,1,1,2,2,2
102,322,1,15,0,0,2,2,2
103,323,1,16,-2,0,0,0,0
104,328,0,14,-7,0,0,0,0
105,328,2,17,1,0,2,2,2
106,334,1,14,-2,0,0,0,0
107,339,2,19,1,0,2,2,2
108,341,2,15,1,0,2,2,2
109,341,0,16,4,0,2,2,2
110,344,2,18,2,0,2,2,2
111,344,2,15,2,0,2,2,2
112,345,0,21,2,0,2,2,2
113,345,1,15,-2,0,0,0,0
114,345,0,15,0,0,2,2,2
115,361,0,12,-3,0,0,0,0
116,379,0,12,0,0,0,0,0
117,380,2,14,1,0,2,2,2
118,380,2,13,2,0,2,2,2
119,383,2,13,0,0,0,0,0
120,383,2,12,0,0,0,0,0
121,383,2,13,0,0,0,0,0
122,390,1,14,0,0,2,2,2
123,393,0,12,-1,0,0,0,0
124,395,1,17,1,0,2,2,2
125,395,0,12,0,0,0,0,0
126,395,2,13,1,0,2,2,2
127,396,2,12,0,0,0,0,0
128,398,2,15,-1,0,0,0,0
129,398,0,12,0,0,0,0,0
130,410,0,13,0,0,0,0,0
131,410,2,13,0,0,0,0,0
132,410,0,11,-1,0,0,0,0
133,410,2,12,0,0,0,0,0
134,457,2,17,0,0,2,2,2
135,457,0,15,-1,0,0,0,0
136,464,0,15,3,1,2,2,2
137,464,0,18,-1,0,2,2,2
138,465,0,14,-1,0,0,0,0
139,465,0,13,0,0,0,0,0
140,469,1,16,1,0,2,2,2
141,469,2,16,1,0,2,2,2
142,470,0,14,-1,0,0,0,0
143,471,0,15,-1,0,0,0,0
144,472,1,17,4,1,2,2,2
145,472,0,16,3,1,2,2,2
146,473,2,20,4,0,2,2,2
147,473,2,17,3,0,2,2,2
148,473,2,16,0,0,2,2,2
149,474,0,9,-4,0,0,0,0
150,477,2,19,3,0,2,2,2
151,477,2,14,0,0,2,2,2
152,477,2,18,2,0,2,2,2
153,480,2,20,5,1,2,2,2
154,480,0,16,5,1,2,2,2
155,480,2,19,1,0,2,2,2
156,480,2,18,1,0,2,2,2
157,480,2,17,0,0,2,2,2
158,480,0,14,-2,0,0,0,0
159,481,2,16,0,0,2,2,2
160,481,0,20,2,0,2,2,2
161,488,0,16,-1,1,0,0,0
162,488,1,16,0,1,2,2,2
163,489,2,17,0,0,2,2,2
164,489,2,17,0,0,2,2,2
165,493,0,15,-2,0,0,0,0
166,493,2,15,0,0,2,2,2
167,495,2,17,1,0,2,2,2
168,495,2,16,0,0,2,2,2
169,495,2,19,5,0,2,2,2
170,495,0,15,0,0,2,2,2
171,498,2,17,0,0,2,2,2
172,505,0,18,0,0,2,2,2
173,515,2,19,2,0,2,2,2
174,515,0,13,-2,0,0,0,0
175,522,0,10,-4,0,0,0,0
176,531,2,12,0,1,0,0,0
177,540,0,17,-1,0,2,2,2
178,540,2,17,0,0,2,2,2
179,540,0,14,-3,0,0,0,0
180,540,0,15,-1,0,0,0,0
181,540,2,17,0,0,2,2,2
182,543,0,15,-2,0,0,0,0
183,543,2,18,2,0,2,2,2
184,546,2,13,-2,0,0,0,0
185,546,2,15,1,0,2,2,2
186,546,0,14,0,0,2,2,2
187,546,2,15,0,0,2,2,2
188,553,2,17,4,0,2,2,2
189,559,2,14,1,0,2,2,2
190,559,1,13,0,0,0,0,0
191,565,2,16,0,0,2,2,2
192,566,2,12,-3,0,0,0,0
193,576,2,15,2,1,2,2,2
194,576,2,14,8,1,2,2,2
195,580,0,11,-2,0,0,0,0
196,592,2,13,-1,0,0,0,0
197,596,2,12,0,0,0,0,0
198,596,0,15,-1,0,0,0,0
199,605,2,16,2,1,2,2,2
200,605,0,16,2,1,2,2,2
201,605,2,19,11,1,2,2,2
202,609,2,17,-2,0,0,0,0
203,609,0,15,-1,0,0,0,0
204,612,0,15,-4,0,0,0,0
205,632,2,16,7,1,2,2,2
206,632,2,16,0,0,2,2,2
207,632,0,15,0,0,2,2,2
208,641,2,15,0,0,2,2,2
209,641,0,17,0,0,2,2,2
210,646,1,15,0,1,0,0,0
211,646,1,16,-1,1,0,0,0
212,646,0,15,-1,1,0,0,0
213,646,2,15,1,1,2,2,2
214,646,0,15,0,1,0,0,0
215,646,2,15,1,1,2,2,2
216,646,2,15,1,1,2,2,2
217,646,0,16,3,1,2,2,2
218,651,2,16,0,1,2,2,2
219,651,2,17,0,0,2,2,2
220,651,2,18,0,0,2,2,2
221,652,0,11,-4,1,0,0,0
222,652,2,16,1,1,2,2,2
223,652,1,14,0,1,0,0,0
224,660,0,14,0,1,0,0,0
225,663,2,16,4,1,2,2,2
226,663,2,14,0,1,0,0,0
227,667,1,14,0,0,2,2,2
228,667,2,16,0,0,2,2,2
229,672,2,15,0,0,2,2,2
230,672,0,13,-1,0,0,0,0
231,672,0,13,0,0,0,0,0
232,678,1,13,0,0,0,0,0
233,678,2,13,0,0,0,0,0
234,678,1,14,0,0,2,2,2
235,690,0,16,0,1,2,2,2
236,690,2,16,0,1,2,2,2
237,690,2,17,1,1,2,2,2
238,690,2,17,1,1,2,2,2
239,690,2,16,1,1,2,2,2
240,692,0,16,0,1,2,2,2
241,692,2,17,4,1,2,2,2
242,697,2,21,2,0,2,2,2
243,697,2,17,0,0,2,2,2
244,699,0,17,0,1,2,2,2
245,699,2,18,2,0,2,2,2
246,706,2,17,0,0,2,2,2
247,706,1,17,0,0,2,2,2
248,708,2,18,0,0,2,2,2
249,709,2,17,2,1,2,2,2
250,709,2,17,3,1,2,2,2
251,713,0,15,-3,1,0,0,0
252,713,2,17,0,1,2,2,2
253,713,2,16,0,0,2,2,2
254,713,0,17,-2,0,0,0,0
255,713,0,17,-3,0,0,0,0
256,716,1,17,0,0,2,2,2
257,721,2,18,-1,0,2,2,2
258,725,2,17,0,0,2,2,2
259,725,2,16,0,0,2,2,2
260,725,1,19,0,0,2,2,2
261,725,2,16,0,0,2,2,2
262,728,1,16,-3,0,0,0,0
263,728,0,15,-2,0,0,0,0
264,728,2,18,2,0,2,2,2
265,730,2,19,2,0,2,2,2
266,730,2,18,0,0,2,2,2
267,730,1,17,0,0,2,2,2
268,738,2,18,0,0,2,2,2
269,738,2,18,0,0,2,2,2
270,744,0,18,0,1,2,2,2
271,744,2,17,0,1,2,2,2
272,744,0,18,1,1,2,2,2
273,744,2,19,1,1,2,2,2
274,744,2,18,2,1,2,2,2
275,744,2,18,1,1,2,2,2
276,744,2,17,0,1,2,2,2
277,744,0,17,0,0,2,2,2
278,746,2,19,0,0,2,2,2
279,746,0,18,0,0,2,2,2
280,752,2,16,-1,0,2,2,2
281,753,2,19,4,0,2,2,2
282,753,2,18,3,0,2,2,2
283,753,2,18,1,0,2,2,2
284,754,0,16,-4,0,0,0,0
285,756,0,15,0,1,0,0,0
286,756,2,16,1,0,2,2,2
287,758,2,16,3,1,2,2,2
288,758,2,19,0,0,2,2,2
289,758,2,17,2,0,2,2,2
290,758,2,16,1,0,2,2,2
291,758,2,18,0,0,2,2,2
292,766,2,18,0,0,2,2,2
293,771,2,18,0,0,2,2,2
294,771,0,15,-1,0,0,0,0
295,771,2,18,0,0,2,2,2
296,771,2,15,-1,0,0,0,0
297,773,2,17,3,1,2,2,2
298,773,2,16,-1,0,2,2,2
299,773,2,18,0,0,2,2,2
300,780,1,16,4,1,2,2,2
301,783,2,16,0,1,2,2,2
302,783,2,17,5,1,2,2,2
303,783,2,16,3,1,2,2,2
304,783,1,16,4,1,2,2,2
305,783,2,17,1,0,2,2,2
306,784,0,13,-1,0,0,0,0
307,788,2,16,3,1,2,2,2
308,788,2,16,0,1,2,2,2
309,788,0,15,-1,1,0,0,0
310,788,2,19,3,0,2,2,2
311,788,2,18,1,0,2,2,2
312,788,0,15,-2,0,0,0,0
313,788,2,17,0,0,2,2,2
314,804,2,12,5,1,2,2,2
315,818,0,13,-2,1,0,0,0
316,818,2,14,0,1,0,0,0
317,820,0,15,0,1,0,0,0
318,820,2,15,2,0,2,2,2
319,832,0,14,0,0,2,2,2
320,838,1,14,0,0,2,2,2
321,838,2,14,1,0,2,2,2
322,838,1,13,-1,0,0,0,0
323,841,2,14,0,1,0,0,0
324,846,2,18,0,0,2,2,2
325,846,0,16,1,0,2,2,2
326,846,2,15,0,0,2,2,2
327,848,1,15,0,0,2,2,2
328,848,2,14,-1,0,0,0,0
329,852,2,17,3,1,2,2,2
330,853,2,16,2,1,2,2,2
331,853,2,17,6,1,2,2,2
332,853,2,15,3,1,2,2,2
333,854,0,16,-1,1,0,0,0
334,860,2,18,0,0,2,2,2
335,860,2,17,1,0,2,2,2
336,860,2,17,2,0,2,2,2
337,865,1,17,0,0,2,2,2
338,865,2,17,0,0,2,2,2
339,865,2,15,0,0,2,2,2
340,865,0,17,0,0,2,2,2
341,867,2,17,0,0,2,2,2
342,867,0,16,0,0,2,2,2
343,870,2,17,0,0,2,2,2
344,881,1,16,-2,0,0,0,0
345,881,0,17,0,0,2,2,2
346,883,2,16,0,0,2,2,2
347,883,0,14,-1,0,0,0,0
348,883,2,15,0,0,2,2,2
349,891,2,18,4,1,2,2,2
350,891,2,19,7,1,2,2,2
351,892,2,17,0,1,2,2,2
352,893,0,16,3,1,2,2,2
353,894,2,17,1,1,2,2,2
354,894,0,17,0,1,2,2,2
355,894,1,17,0,1,2,2,2
356,894,2,17,0,1,2,2,2
357,894,2,17,0,1,2,2,2
358,894,2,16,0,0,2,2,2
359,899,2,14,2,1,2,2,2
360,899,1,15,1,1,2,2,2
361,899,0,14,1,1,2,2,2
362,899,2,17,0,0,2,2,2
363,899,2,18,2,0,2,2,2
364,900,0,13,0,1,0,0,0
365,900,2,16,0,1,2,2,2
366,900,1,13,1,1,0,0,0
367,914,0,14,-1,1,0,0,0
368,918,2,18,3,1,2,2,2
369,918,2,16,2,1,2,2,2
370,918,0,17,4,1,2,2,2
371,926,2,16,1,1,2,2,2
372,926,2,17,3,1,2,2,2
373,926,2,16,2,1,2,2,2
374,926,2,16,3,1,2,2,2
375,927,2,13,3,1,2,2,2
376,927,0,11,2,1,0,0,0
377,927,0,10,-6,0,0,0,0
378,927,0,12,-3,0,0,0,0
379,933,2,13,0,1,0,0,0
380,939,0,14,1,1,2,2,2
381,939,2,13,1,1,0,0,0
382,939,0,15,1,0,2,2,2
383,939,2,14,0,0,2,2,2
384,941,0,10,-2,1,0,0,0
385,941,0,13,0,0,0,0,0
386,947,0,12,-1,0,0,0,0
387,954,2,13,1,1,0,0,0
388,968,0,18,3,0,2,2,2
389,968,2,16,1,0,2,2,2
390,969,0,14,-1,1,0,0,0
391,969,0,13,-1,1,0,0,0
392,973,0,14,-3,0,0,0,0
393,975,2,16,-1,0,2,2,2
394,975,2,16,-1,0,2,2,2
395,975,0,17,0,0,2,2,2
396,975,2,17,0,0,2,2,2
397,975,1,16,-1,0,2,2,2
398,976,2,16,0,0,2,2,2
399,976,2,14,0,0,2,2,2
400,976,0,17,1,0,2,2,2
401,978,0,17,-7,1,0,0,0
402,978,0,17,-4,1,0,0,0
403,978,2,15,1,0,2,2,2
404,982,0,15,-1,1,0,0,0
405,982,0,15,0,1,0,0,0
406,982,0,15,2,1,2,2,2
407,982,1,15,0,0,2,2,2
408,986,2,17,1,1,2,2,2
409,986,2,17,9,1,2,2,2
410,986,0,14,-1,0,0,0,0
411,991,0,12,-5,0,0,0,0
412,997,0,14,0,0,2,2,2
413,997,2,16,1,0,2,2,2
414,1003,0,12,-1,0,0,0,0
415,1003,2,15,0,0,2,2,2
416,1018,0,15,3,1,2,2,2
417,1018,2,14,4,1,2,2,2
418,1018,2,11,2,1,0,0,0
419,1018,0,16,-2,0,0,0,0
420,1018,0,14,-4,0,0,0,0
421,1019,1,16,0,1,2,2,2
422,1019,2,16,1,1,2,2,2
423,1023,2,15,0,0,2,2,2
424,1023,0,16,3,0,2,2,2
425,1023,2,16,3,0,2,2,2
426,1023,0,16,0,0,2,2,2
427,1023,0,15,0,0,2,2,2
428,1024,2,14,2,1,2,2,2
429,1024,0,14,0,1,0,0,0
430,1024,0,14,1,1,2,2,2
431,1027,0,16,-1,0,2,2,2
432,1027,1,13,2,0,2,2,2
433,1031,2,16,1,1,2,2,2
434,1031,2,16,1,0,2,2,2
435,1032,2,16,0,0,2,2,2
436,1034,1,13,-2,1,0,0,0
437,1034,0,13,0,1,0,0,0
438,1034,2,12,0,1,0,0,0
439,1035,2,16,1,1,2,2,2
440,1035,1,17,4,0,2,2,2
441,1035,2,16,0,0,2,2,2
442,1037,0,21,8,1,2,2,2
443,1037,2,17,4,0,2,2,2
444,1038,0,16,-1,0,2,2,2
445,1045,0,14,-1,0,0,0,0
446,1046,0,15,-1,0,0,0,0
447,1046,0,14,-4,0,0,0,0
448,1046,2,16,0,0,2,2,2
449,1054,0,12,-2,1,0,0,0
450,1054,2,13,3,1,2,2,2
451,1059,2,15,0,1,0,0,0
452,1059,0,13,2,1,2,2,2
453,1059,0,16,-1,0,2,2,2
454,1069,0,12,3,1,2,2,2
455,1069,2,11,4,1,2,2,2
456,1069,1,13,5,1,2,2,2
457,1071,2,15,3,1,2,2,2
458,1071,2,15,1,1,2,2,2
459,1071,2,13,1,1,0,0,0
460,1071,0,13,3,1,2,2,2
461,1073,2,13,1,0,2,2,2
462,1073,0,12,0,0,0,0,0
463,1091,2,13,0,1,0,0,0
464,1099,0,15,0,0,2,2,2
465,1099,1,12,0,0,0,0,0
466,1100,0,15,-1,0,0,0,0
467,1100,0,14,-1,0,0,0,0
468,1100,2,15,-1,0,0,0,0
469,1100,2,13,1,0,2,2,2
470,1101,2,18,2,0,2,2,2
471,1101,2,15,0,0,2,2,2
472,1115,0,17,2,1,2,2,2
473,1115,2,17,4,0,2,2,2
474,1122,0,16,-2,0,0,0,0
475,1123,0,16,0,0,2,2,2
476,1124,1,14,1,0,2,2,2
477,1125,2,17,1,0,2,2,2
478,1125,2,16,0,0,2,2,2
479,1130,0,16,0,0,2,2,2
480,1133,0,17,0,0,2,2,2
481,1149,2,14,0,1,0,0,0
482,1149,2,16,2,1,2,2,2
483,1149,2,16,2,1,2,2,2
484,1149,2,16,1,1,2,2,2
485,1149,2,14,2,1,2,2,2
486,1151,2,14,0,1,0,0,0
487,1151,1,14,0,1,0,0,0
488,1151,2,16,1,1,2,2,2
489,1151,0,15,0,1,0,0,0
490,1154,2,15,0,0,2,2,2
491,1154,1,15,0,0,2,2,2
492,1154,2,14,0,0,2,2,2
493,1157,2,19,5,0,2,2,2
494,1157,2,14,1,0,2,2,2
495,1163,0,13,-1,0,0,0,0
496,1163,2,15,0,0,2,2,2
497,1167,0,16,-1,0,2,2,2
498,1167,2,18,0,0,2,2,2
499,1171,2,15,3,1,2,2,2
500,1171,1,13,3,1,2,2,2
501,1171,2,14,4,1,2,2,2
502,1171,2,14,2,1,2,2,2
503,1171,2,13,3,1,2,2,2
504,1171,1,13,4,1,2,2,2
505,1172,2,16,4,1,2,2,2
506,1172,0,15,-2,0,0,0,0
507,1172,0,15,-1,0,0,0,0
508,1172,2,15,-2,0,0,0,0
509,1178,2,17,3,0,2,2,2
510,1186,0,17,0,1,2,2,2
511,1186,2,17,2,1,2,2,2
512,1186,2,15,0,1,0,0,0
513,1190,2,15,0,0,2,2,2
514,1190,2,15,0,0,2,2,2
515,1190,0,15,0,0,2,2,2
516,1193,2,18,3,1,2,2,2
517,1193,2,16,2,1,2,2,2
518,1193,2,18,5,1,2,2,2
519,1193,2,17,0,0,2,2,2
520,1193,1,16,-1,0,2,2,2
521,1193,2,16,1,0,2,2,2
522,1193,2,16,1,0,2,2,2
523,1201,2,14,1,1,2,2,2
524,1201,0,13,0,1,0,0,0
525,1201,0,9,-5,0,0,0,0
526,1225,2,18,9,1,2,2,2
527,1225,2,13,0,0,0,0,0
528,1228,2,20,1,1,2,2,2
529,1228,0,16,0,1,2,2,2
530,1228,2,15,1,1,2,2,2
531,1228,2,17,6,1,2,2,2
532,1235,2,15,-1,1,0,0,0
533,1235,2,15,1,1,2,2,2
534,1235,0,14,-4,0,0,0,0
535,1235,1,16,-2,0,0,0,0
536,1236,0,15,0,0,2,2,2
537,1240,0,15,-1,0,0,0,0
538,1240,2,14,0,0,2,2,2
539,1240,2,15,0,0,2,2,2
540,1241,2,17,2,0,2,2,2
541,1242,2,17,0,1,2,2,2
542,1242,1,17,-3,1,0,0,0
543,1242,2,17,2,1,2,2,2
544,1242,2,16,-4,1,0,0,0
545,1244,2,18,3,1,2,2,2
546,1245,2,15,1,0,2,2,2
547,1245,2,15,1,0,2,2,2
548,1249,2,16,0,1,2,2,2
549,1249,2,17,0,0,2,2,2
550,1249,0,17,0,0,2,2,2
551,1249,2,16,0,0,2,2,2
552,1250,2,17,0,0,2,2,2
553,1250,2,17,1,0,2,2,2
554,1251,2,17,0,0,2,2,2
555,1251,2,17,1,0,2,2,2
556,1276,2,15,-1,0,0,0,0
557,1277,0,12,0,0,0,0,0
558,1279,2,13,0,0,0,0,0
559,1279,0,15,0,0,2,2,2
560,1284,0,17,-1,1,2,2,2
561,1284,0,14,-1,1,0,0,0
562,1284,0,14,0,1,0,0,0
563,1287,0,14,-4,1,0,0,0
564,1287,0,14,-3,1,0,0,0
565,1291,2,16,4,1,2,2,2
566,1291,2,15,1,0,2,2,2
567,1292,0,14,0,1,0,0,0
568,1292,0,15,2,1,2,2,2
569,1292,0,13,0,1,0,0,0
570,1301,0,14,0,1,0,0,0
571,1301,2,13,1,1,0,0,0
572,1301,2,15,1,1,2,2,2
573,1303,2,19,4,1,2,2,2
574,1303,0,17,-3,0,0,0,0
575,1303,1,17,0,0,2,2,2
576,1303,2,17,1,0,2,2,2
577,1307,0,19,4,1,2,2,2
578,1307,0,16,3,1,2,2,2
579,1307,0,16,-1,0,2,2,2
580,1307,0,16,0,0,2,2,2
581,1308,2,20,4,1,2,2,2
582,1308,2,17,1,1,2,2,2
583,1308,2,17,2,1,2,2,2
584,1308,2,16,0,1,2,2,2
585,1315,0,17,0,0,2,2,2
586,1315,1,15,-2,0,0,0,0
587,1315,0,16,0,0,2,2,2
588,1315,2,17,2,0,2,2,2
589,1316,2,16,0,0,2,2,2
590,1319,0,15,-3,0,0,0,0
591,1324,2,16,0,0,2,2,2
592,1326,0,17,0,1,2,2,2
593,1326,2,16,0,1,2,2,2
594,1326,2,18,2,1,2,2,2
595,1326,1,15,-1,0,0,0,0
596,1339,2,21,5,0,2,2,2
597,1339,0,15,-1,0,0,0,0
598,1344,2,18,1,0,2,2,2
599,1344,0,17,0,0,2,2,2
600,1355,0,15,-3,0,0,0,0
601,1355,0,16,-2,0,0,0,0
602,1355,0,16,-1,0,2,2,2
603,1355,0,14,-1,0,0,0,0
604,1355,2,15,-4,0,0,0,0
605,1357,0,15,0,1,0,0,0
606,1357,2,17,3,1,2,2,2
607,1357,2,16,1,1,2,2,2
608,1357,2,15,-1,0,0,0,0
609,1361,2,15,1,0,2,2,2
610,1363,2,17,3,1,2,2,2
611,1363,2,15,1,1,2,2,2
612,1364,0,14,-3,0,0,0,0
613,1364,0,15,0,0,2,2,2
614,1366,2,15,2,1,2,2,2
615,1366,2,15,1,1,2,2,2
616,1371,0,18,3,0,2,2,2
617,1371,2,17,2,0,2,2,2
618,1374,2,14,0,0,2,2,2
619,1374,1,12,-1,0,0,0,0
620,1377,2,19,2,0,2,2,2
621,1377,0,17,-1,0,2,2,2
622,1377,2,16,-1,0,2,2,2
623,1378,1,15,0,0,2,2,2
624,1378,2,14,0,0,2,2,2
625,1381,0,15,1,1,2,2,2
626,1381,2,16,3,1,2,2,2
627,1381,2,15,3,1,2,2,2
628,1381,2,17,8,1,2,2,2
629,1395,0,16,0,1,2,2,2
630,1395,1,17,0,1,2,2,2
631,1395,2,16,0,1,2,2,2
632,1395,0,16,0,1,2,2,2
633,1395,0,13,-2,1,0,0,0
634,1395,0,14,1,1,2,2,2
635,1395,2,15,1,1,2,2,2
636,1398,2,17,1,1,2,2,2
637,1398,2,16,3,1,2,2,2
638,1398,2,14,1,1,2,2,2
639,1421,2,16,1,0,2,2,2
640,1421,2,13,0,0,0,0,0
641,1426,0,13,-2,0,0,0,0
642,1426,0,13,-1,0,0,0,0
643,1451,2,14,0,0,2,2,2
644,1451,2,14,2,0,2,2,2
645,1451,2,12,1,0,2,2,2
646,1451,2,12,1,0,2,2,2
647,1465,2,17,2,0,2,2,2
648,1465,0,15,0,0,2,2,2
649,1470,0,16,3,1,2,2,2
650,1470,2,18,6,1,2,2,2
651,1470,2,16,7,1,2,2,2
652,1476,1,14,0,1,0,0,0
653,1476,0,14,0,1,0,0,0
654,1476,0,14,-1,1,0,0,0
655,1476,0,13,0,1,0,0,0
656,1476,2,12,-1,1,0,0,0
657,1476,2,19,2,1,2,2,2
658,1476,0,16,6,1,2,2,2
659,1478,2,17,0,1,2,2,2
660,1478,0,16,0,1,2,2,2
661,1478,2,16,0,1,2,2,2
662,1478,0,15,-1,1,0,0,0
663,1478,2,19,2,1,2,2,2
664,1482,0,14,-1,1,0,0,0
665,1483,2,15,0,0,2,2,2
666,1484,2,18,1,0,2,2,2
667,1489,2,16,0,1,2,2,2
668,1489,2,14,0,1,0,0,0
669,1489,0,14,0,1,0,0,0
670,1492,2,15,0,0,2,2,2
671,1492,2,16,0,0,2,2,2
672,1499,1,15,2,1,2,2,2
673,1510,1,15,-7,1,0,0,0
674,1510,1,17,1,0,2,2,2
675,1510,0,16,-1,0,2,2,2
676,1510,0,16,0,0,2,2,2
677,1513,2,16,1,0,2,2,2
678,1513,0,15,0,0,2,2,2
679,1513,1,14,0,0,2,2,2
680,1514,2,16,1,0,2,2,2
681,1514,2,18,4,0,2,2,2
682,1518,2,14,0,0,2,2,2
683,1521,0,17,-1,1,2,2,2
684,1521,2,16,2,1,2,2,2
685,1526,1,14,-4,0,0,0,0
686,1526,0,15,-1,0,0,0,0
687,1526,1,16,0,0,2,2,2
688,1529,2,16,0,1,2,2,2
689,1529,2,18,5,1,2,2,2
690,1535,0,13,-2,0,0,0,0
691,1535,0,13,-1,0,0,0,0
692,1535,0,14,0,0,2,2,2
693,1536,2,17,3,1,2,2,2
694,1536,2,17,3,1,2,2,2
695,1536,2,16,1,1,2,2,2
696,1537,1,15,0,0,2,2,2
697,1551,2,17,6,1,2,2,2
698,1559,0,15,-3,1,0,0,0
699,1561,0,14,0,0,2,2,2
700,1561,1,15,0,0,2,2,2
701,1561,2,15,0,0,2,2,2
702,1561,0,14,0,0,2,2,2
703,1596,2,16,0,0,2,2,2
704,1596,0,16,0,0,2,2,2
705,1597,2,17,3,1,2,2,2
706,1598,2,17,1,0,2,2,2
707,1603,2,18,1,0,2,2,2
708,1603,2,17,0,0,2,2,2
709,1603,2,18,1,0,2,2,2
710,1604,0,17,-1,0,2,2,2
711,1604,0,16,-1,0,2,2,2
712,1604,1,17,0,0,2,2,2
713,1605,2,19,4,1,2,2,2
714,1605,0,17,0,0,2,2,2
715,1605,2,17,0,0,2,2,2
716,1610,2,18,0,1,2,2,2
717,1610,2,17,1,1,2,2,2
718,1610,2,18,0,1,2,2,2
719,1610,2,18,0,1,2,2,2
720,1612,0,16,-1,0,2,2,2
721,1612,2,17,0,0,2,2,2
722,1612,2,18,1,0,2,2,2
723,1612,2,17,0,0,2,2,2
724,1612,2,16,0,0,2,2,2
725,1617,0,16,0,0,2,2,2
726,1618,0,16,0,0,2,2,2
727,1618,0,16,-1,0,2,2,2
728,1618,2,16,-1,0,2,2,2
729,1620,1,18,0,0,2,2,2
730,1624,0,19,3,0,2,2,2
731,1633,2,18,2,1,2,2,2
732,1633,2,18,2,1,2,2,2
733,1633,2,17,1,0,2,2,2
734,1634,0,19,-2,1,2,2,2
735,1634,2,16,0,1,2,2,2
736,1634,2,17,0,1,2,2,2
737,1634,0,17,0,0,2,2,2
738,1635,2,17,0,0,2,2,2
739,1635,0,18,0,0,2,2,2
740,1636,1,15,0,1,0,0,0
741,1636,0,15,0,1,0,0,0
742,1636,2,17,0,0,2,2,2
743,1636,2,18,0,0,2,2,2
744,1639,0,17,0,0,2,2,2
745,1640,2,17,0,0,2,2,2
746,1641,0,14,-4,1,0,0,0
747,1641,0,14,-2,1,0,0,0
748,1642,2,18,1,0,2,2,2
749,1642,2,18,3,0,2,2,2
750,1643,0,17,0,0,2,2,2
751,1643,1,17,-1,0,2,2,2
752,1644,2,18,1,0,2,2,2
753,1644,2,16,0,0,2,2,2
754,1645,2,18,2,0,2,2,2
755,1645,0,16,0,0,2,2,2
756,1645,2,17,0,0,2,2,2
757,1646,2,18,0,0,2,2,2
758,1646,2,15,-2,0,0,0,0
759,1646,0,16,0,0,2,2,2
760,1646,0,16,-2,0,0,0,0
761,1652,0,13,-3,0,0,0,0
762,1652,0,13,-2,0,0,0,0
763,1653,0,14,-1,0,0,0,0
764,1659,2,13,0,0,0,0,0
765,1659,2,16,1,0,2,2,2
766,1659,2,15,1,0,2,2,2
767,1661,2,15,1,0,2,2,2
768,1664,2,15,3,1,2,2,2
769,1664,2,16,4,1,2,2,2
770,1664,0,13,-2,0,0,0,0
771,1669,2,16,0,1,2,2,2
772,1669,0,15,0,1,0,0,0
773,1669,2,16,0,1,2,2,2
774,1669,2,16,1,1,2,2,2
775,1669,2,16,1,1,2,2,2
776,1669,0,15,0,1,0,0,0
777,1672,2,15,1,0,2,2,2
778,1675,2,16,1,0,2,2,2
779,1675,2,15,2,0,2,2,2
780,1679,2,16,1,0,2,2,2
781,1681,2,17,0,0,2,2,2
782,1681,2,17,0,0,2,2,2
783,1681,2,17,1,0,2,2,2
784,1681,1,16,0,0,2,2,2
785,1681,2,17,1,0,2,2,2
786,1684,2,17,0,0,2,2,2
787,1686,0,15,-1,1,0,0,0
788,1686,0,15,0,1,0,0,0
789,1686,0,13,0,1,0,0,0
790,1693,2,17,1,1,2,2,2
791,1693,2,18,3,1,2,2,2
792,1693,1,17,3,1,2,2,2
793,1693,2,16,0,0,2,2,2
794,1694,2,18,1,1,2,2,2
795,1694,2,18,2,1,2,2,2
796,1694,2,17,0,0,2,2,2
797,1694,2,18,1,0,2,2,2
798,1703,2,16,1,1,2,2,2
799,1706,2,15,1,1,2,2,2
800,1706,1,17,2,1,2,2,2
801,1706,2,16,1,1,2,2,2
802,1706,0,17,0,0,2,2,2
803,1706,2,16,0,0,2,2,2
804,1706,0,16,0,0,2,2,2
805,1706,0,15,0,0,2,2,2
806,1711,1,18,1,1,2,2,2
807,1711,2,17,1,1,2,2,2
808,1720,2,16,0,1,2,2,2
809,1720,0,15,-1,1,0,0,0
810,1723,1,16,1,0,2,2,2
811,1728,1,16,-2,0,0,0,0
812,1729,0,16,-1,0,2,2,2
813,1729,2,16,0,0,2,2,2
814,1739,0,15,1,1,2,2,2
815,1739,1,16,0,0,2,2,2
816,1740,0,16,0,0,2,2,2
817,1740,2,17,2,0,2,2,2
818,1740,2,15,0,0,2,2,2
819,1740,2,17,0,0,2,2,2
820,1746,2,16,0,0,2,2,2
821,1746,2,17,0,0,2,2,2
822,1747,2,17,0,0,2,2,2
823,1749,2,18,3,1,2,2,2
824,1749,2,18,1,0,2,2,2
825,1750,2,17,0,0,2,2,2
826,1750,2,16,0,0,2,2,2
827,1750,2,17,0,0,2,2,2
828,1758,1,7,3,0,0,0,0
829,1763,0,8,0,0,0,0,0
830,1763,0,3,-2,0,0,0,0
831,1770,2,17,2,1,2,2,2
832,1778,0,15,0,1,0,0,0
833,1778,0,15,-2,1,0,0,0
834,1778,2,14,0,1,0,0,0
835,1778,2,13,5,0,2,2,2
836,1778,2,17,5,0,2,2,2
837,1783,0,13,-1,1,0,0,0
838,1783,2,13,-2,1,0,0,0
839,1785,2,15,1,0,2,2,2
840,1785,0,14,0,0,2,2,2
841,1785,2,15,1,0,2,2,2
842,1791,2,15,1,0,2,2,2
843,1791,2,14,0,0,2,2,2
844,1800,0,14,1,1,2,2,2
845,1801,2,19,5,1,2,2,2
846,1802,0,13,-2,1,0,0,0
847,1802,2,15,0,1,0,0,0
848,1802,2,14,0,1,0,0,0
849,1802,2,14,0,0,2,2,2
850,1807,1,16,0,1,2,2,2
851,1807,2,17,2,1,2,2,2
852,1807,1,17,2,1,2,2,2
853,1807,2,16,2,1,2,2,2
854,1816,1,15,0,0,2,2,2
855,1816,1,15,0,0,2,2,2
856,1823,0,14,1,1,2,2,2
857,1823,0,14,-1,1,0,0,0
858,1823,0,13,0,1,0,0,0
859,1830,1,13,-1,0,0,0,0
860,1830,0,13,-1,0,0,0,0
861,1831,2,16,10,1,2,2,2
862,1831,2,16,3,1,2,2,2
863,1831,2,16,0,1,2,2,2
864,1835,0,12,-1,1,0,0,0
865,1835,0,16,0,0,2,2,2
866,1851,2,12,0,1,0,0,0
867,1854,2,13,0,1,0,0,0
868,1854,2,12,2,1,2,2,2
869,1854,2,13,2,1,2,2,2
870,1860,2,14,2,1,2,2,2
871,1860,2,14,4,1,2,2,2
872,1863,0,14,0,0,2,2,2
873,1863,0,12,-2,0,0,0,0
874,1873,0,17,-1,1,2,2,2
875,1873,0,17,0,1,2,2,2
876,1873,1,17,0,1,2,2,2
877,1873,0,16,0,1,2,2,2
878,1873,2,17,0,1,2,2,2
879,1873,2,18,1,1,2,2,2
880,1873,2,16,0,0,2,2,2
881,1880,2,16,0,1,2,2,2
882,1880,2,16,1,1,2,2,2
883,1880,2,16,1,1,2,2,2
884,1880,0,15,0,1,0,0,0
885,1880,2,16,1,1,2,2,2
886,1881,0,16,0,0,2,2,2
887,1881,2,16,0,0,2,2,2
888,1881,2,16,3,0,2,2,2
889,1882,0,15,-1,0,0,0,0
890,1882,2,19,3,0,2,2,2
891,1882,2,16,0,0,2,2,2
892,1889,1,16,0,1,2,2,2
893,1889,2,18,1,0,2,2,2
894,1889,1,17,0,0,2,2,2
895,1902,0,14,-2,1,0,0,0
896,1902,2,15,0,0,2,2,2
897,1904,0,15,-2,0,0,0,0
898,1904,2,16,1,0,2,2,2
899,1904,2,15,0,0,2,2,2
900,1904,0,15,0,0,2,2,2
901,1904,2,15,0,0,2,2,2
902,1915,0,12,-1,1,0,0,0
903,1917,0,11,-1,0,0,0,0
904,1918,0,14,1,0,2,2,2
905,1935,1,15,0,0,2,2,2
906,1940,2,14,0,1,0,0,0
907,1940,0,15,0,0,2,2,2
908,1940,2,14,0,0,2,2,2
909,1960,0,15,0,0,2,2,2
910,1962,1,16,0,1,2,2,2
911,1962,2,17,0,1,2,2,2
912,1962,0,15,0,1,0,0,0
913,1962,2,15,0,1,0,0,0
914,1962,0,16,0,1,2,2,2
915,1962,2,16,0,1,2,2,2
916,1962,1,17,1,1,2,2,2
917,1962,2,18,1,1,2,2,2
918,1962,2,17,2,1,2,2,2
919,1966,2,20,0,1,2,2,2
920,1966,1,18,1,1,2,2,2
921,1966,0,18,0,1,2,2,2
922,1966,2,19,3,1,2,2,2
923,1986,0,15,0,1,0,0,0
924,1986,0,16,-1,1,0,0,0
925,1986,1,15,0,1,0,0,0
926,1986,0,14,0,1,0,0,0
927,1986,1,13,0,0,0,0,0
928,1986,2,12,-1,0,0,0,0
929,1987,2,16,1,0,2,2,2
930,1987,2,15,2,0,2,2,2
931,1987,1,14,0,0,2,2,2
932,1987,2,16,0,0,2,2,2
933,1987,0,15,0,0,2,2,2
934,1990,2,16,0,0,2,2,2
935,1996,2,15,1,1,2,2,2
936,1996,1,15,1,1,2,2,2
937,1996,0,17,2,1,2,2,2
938,1996,2,17,1,1,2,2,2
939,1996,2,15,2,1,2,2,2
940,2008,0,13,-3,1,0,0,0
941,2046,0,14,-2,0,0,0,0
942,2046,0,14,0,0,2,2,2
943,2049,2,14,0,0,2,2,2
944,2052,0,14,-1,0,0,0,0
945,2052,0,14,-1,0,0,0,0
946,2056,2,16,0,1,2,2,2
947,2056,2,16,2,1,2,2,2
948,2056,2,16,-1,1,0,0,0
949,2056,2,16,3,1,2,2,2
950,2056,2,17,3,1,2,2,2
951,2062,2,16,1,1,2,2,2
952,2062,0,14,0,1,0,0,0
953,2062,2,14,0,1,0,0,0
954,2062,2,16,1,1,2,2,2
955,2062,0,15,0,1,0,0,0
956,2065,0,15,0,0,2,2,2
957,2065,2,15,0,0,2,2,2
958,2065,2,15,0,0,2,2,2
959,2066,0,12,-5,0,0,0,0
960,2066,0,15,-1,0,0,0,0
961,2075,2,14,1,1,2,2,2
962,2075,2,14,1,1,2,2,2
963,2075,2,14,2,1,2,2,2
964,2077,1,14,0,0,2,2,2
965,2077,0,13,0,0,0,0,0
966,2077,0,13,0,0,0,0,0
967,2086,2,15,2,1,2,2,2
968,2086,2,14,0,0,2,2,2
969,2086,0,13,0,0,0,0,0
970,2097,0,13,1,1,0,0,0
971,2102,1,14,0,1,0,0,0
972,2102,0,14,-1,1,0,0,0
973,2102,2,13,0,1,0,0,0
974,2105,2,14,0,0,2,2,2
975,2117,2,17,2,0,2,2,2
976,2123,2,13,-1,1,0,0,0
977,2129,0,13,0,1,0,0,0
978,2129,2,13,0,1,0,0,0
979,2129,2,13,1,0,2,2,2
980,2136,0,13,0,1,0,0,0
981,2136,0,13,0,1,0,0,0
982,2137,1,14,0,1,0,0,0
983,2137,2,14,0,1,0,0,0
984,2137,1,19,6,1,2,2,2
985,2137,2,15,2,1,2,2,2
986,2137,2,14,3,0,2,2,2
987,2138,0,12,-3,1,0,0,0
988,2138,2,14,0,1,0,0,0
989,2138,0,14,0,1,0,0,0
990,2138,0,13,-3,1,0,0,0
991,2138,0,14,0,1,0,0,0
992,2146,2,17,0,0,2,2,2
993,2146,2,17,1,0,2,2,2
994,2147,2,16,0,1,2,2,2
995,2147,0,13,-2,1,0,0,0
996,2147,0,14,0,1,0,0,0
997,2153,2,16,3,1,2,2,2
998,2153,2,17,3,1,2,2,2
999,2153,2,16,2,1,2,2,2
1000,2162,0,15,2,1,2,2,2
1001,2162,0,13,0,1,0,0,0
1002,2162,2,14,2,1,2,2,2
1003,2165,2,15,0,1,0,0,0
1004,2165,1,16,1,1,2,2,2
1005,2165,0,15,1,1,2,2,2
1006,2165,2,15,0,1,0,0,0
1007,2165,0,15,0,1,0,0,0
1008,2166,2,14,1,0,2,2,2
1009,2166,1,12,0,0,0,0,0
1010,2166,0,13,0,0,0,0,0
1011,2170,2,15,0,1,0,0,0
1012,2170,0,16,0,0,2,2,2
1013,2170,2,15,0,0,2,2,2
1014,2171,0,13,-2,0,0,0,0
1015,2172,2,19,5,1,2,2,2
1016,2172,2,17,2,0,2,2,2
1017,2178,2,18,3,1,2,2,2
1018,2181,2,13,-2,1,0,0,0
1019,2190,0,12,-1,1,0,0,0
1020,2190,1,13,1,1,0,0,0
1021,2190,2,15,3,1,2,2,2
1022,2197,0,14,0,1,0,0,0
1023,2197,2,16,0,1,2,2,2
1024,2218,2,15,-1,1,0,0,0
1025,2218,2,16,0,1,2,2,2
1026,2218,1,17,1,1,2,2,2
1027,2220,0,14,1,1,2,2,2
1028,2220,0,14,0,1,0,0,0
1029,2222,0,13,-2,0,0,0,0
1030,2231,1,11,1,1,0,0,0
1031,2231,2,12,1,1,0,0,0
1032,2231,1,11,0,1,0,0,0
1033,2236,0,14,-2,1,0,0,0
1034,2236,0,13,-1,0,0,0,0
1035,2236,0,13,-1,0,0,0,0
1036,2237,2,15,1,0,2,2,2
1037,2237,1,14,0,0,2,2,2
1038,2237,2,14,0,0,2,2,2
1039,2239,2,13,4,1,2,2,2
1040,2239,0,13,4,1,2,2,2
1041,2240,0,13,-1,0,0,0,0
1042,2240,0,14,0,0,2,2,2
1043,2250,2,16,2,1,2,2,2
1044,2250,2,15,0,1,0,0,0
1045,2250,0,15,1,1,2,2,2
1046,2250,2,15,1,1,2,2,2
1047,2250,2,16,2,1,2,2,2
1048,2250,1,15,0,1,0,0,0
1049,2263,0,13,0,1,0,0,0
1050,2263,1,13,1,1,0,0,0
1051,2280,0,15,-1,1,0,0,0
1052,2280,1,16,2,1,2,2,2
1053,2280,2,14,1,1,2,2,2
1054,2280,0,15,0,1,0,0,0
1055,2280,2,16,1,1,2,2,2
1056,2286,0,15,0,0,2,2,2
1057,2293,1,16,-2,0,0,0,0
1058,2296,2,15,-3,0,0,0,0
1059,2297,0,15,0,0,2,2,2
1060,2297,0,16,0,0,2,2,2
1061,2297,2,16,0,0,2,2,2
1062,2311,0,16,0,1,2,2,2
1063,2311,2,15,2,1,2,2,2
1064,2311,2,17,0,1,2,2,2
1065,2311,2,16,1,1,2,2,2
1066,2311,2,16,0,1,2,2,2
1067,2311,2,16,4,1,2,2,2
1068,2311,2,16,2,1,2,2,2
1069,2311,0,15,-1,0,0,0,0
1070,2314,0,15,0,0,2,2,2
1071,2314,0,17,0,0,2,2,2
1072,2316,1,13,0,1,0,0,0
1073,2318,2,15,1,0,2,2,2
1074,2318,0,12,-1,0,0,0,0
1075,2318,0,10,-2,0,0,0,0
1076,2318,2,12,0,0,0,0,0
1077,2325,2,14,1,0,2,2,2
1078,2325,2,14,0,0,2,2,2
1079,2326,1,16,-1,1,0,0,0
1080,2326,0,15,0,1,0,0,0
1081,2326,1,14,0,1,0,0,0
1082,2326,0,14,1,1,2,2,2
1083,2330,2,17,0,0,2,2,2
1084,2331,2,15,-2,0,0,0,0
1085,2331,0,15,-2,0,0,0,0
1086,2331,0,14,-1,0,0,0,0
1087,2331,0,14,-1,0,0,0,0
1088,2336,2,13,-4,1,0,0,0
1089,2336,0,14,-2,1,0,0,0
1090,2336,1,17,0,0,2,2,2
1091,2351,0,14,-3,1,0,0,0
1092,2351,1,16,0,1,2,2,2
1093,2351,2,15,0,1,0,0,0
1094,2351,0,14,0,1,0,0,0
1095,2353,0,13,-2,0,0,0,0
1096,2353,0,14,1,0,2,2,2
1097,2357,1,14,0,0,2,2,2
1098,2357,2,15,0,0,2,2,2
1099,2357,2,16,0,0,2,2,2
1100,2357,1,13,0,0,0,0,0
1101,2357,2,15,1,0,2,2,2
1102,2358,2,15,1,0,2,2,2
1103,2358,0,15,0,0,2,2,2
1104,2366,0,14,0,1,0,0,0
1105,2366,0,14,1,1,2,2,2
1106,2366,2,14,1,1,2,2,2
1107,2366,1,15,0,1,0,0,0
1108,2373,2,16,1,0,2,2,2
1109,2373,2,13,0,0,0,0,0
1110,2373,2,13,1,0,2,2,2
1111,2380,2,15,3,1,2,2,2
1112,2382,1,14,3,1,2,2,2
1113,2382,2,14,2,1,2,2,2
1114,2382,1,14,2,1,2,2,2
1115,2382,2,14,3,1,2,2,2
1116,2382,2,14,3,1,2,2,2
1117,2385,0,16,0,1,2,2,2
1118,2388,2,18,3,1,2,2,2
1119,2388,2,17,2,1,2,2,2
1120,2388,0,17,0,1,2,2,2
1121,2388,2,17,1,1,2,2,2
1122,2391,2,15,8,1,2,2,2
1123,2391,2,15,-1,0,0,0,0
1124,2392,2,18,4,0,2,2,2
1125,2392,2,17,2,0,2,2,2
1126,2392,2,13,-3,0,0,0,0
1127,2392,0,14,-1,0,0,0,0
1128,2392,2,15,0,0,2,2,2
1129,2399,0,14,0,1,0,0,0
1130,2399,0,14,0,1,0,0,0
1131,2399,0,14,0,1,0,0,0
1132,2417,2,15,0,1,0,0,0
1133,2417,2,14,0,1,0,0,0
1134,2417,2,13,0,1,0,0,0
1135,2417,0,15,0,1,0,0,0
1136,2417,1,13,1,1,0,0,0
1137,2421,0,15,0,1,0,0,0
1138,2424,0,15,0,1,0,0,0
1139,2424,2,14,3,1,2,2,2
1140,2425,0,15,0,1,0,0,0
1141,2428,0,13,0,1,0,0,0
1142,2428,0,13,0,1,0,0,0
1143,2428,2,15,0,0,2,2,2
1144,2434,0,17,4,0,2,2,2
1145,2435,0,14,1,0,2,2,2
1146,2438,0,13,-1,0,0,0,0
1147,2438,1,13,0,0,0,0,0
1148,2446,2,17,0,0,2,2,2
1149,2449,0,17,-2,0,0,0,0
1150,2454,2,17,1,0,2,2,2
1151,2454,2,16,0,0,2,2,2
1152,2454,0,16,1,0,2,2,2
1153,2464,1,12,-2,0,0,0,0
1154,2465,0,15,2,1,2,2,2
1155,2465,2,15,0,1,0,0,0
1156,2465,2,19,-1,0,2,2,2
1157,2465,2,19,0,0,2,2,2
1158,2465,2,18,-1,0,2,2,2
1159,2466,0,15,-3,1,0,0,0
1160,2466,0,14,-2,1,0,0,0
1161,2467,2,16,2,1,2,2,2
1162,2467,0,16,2,1,2,2,2
1163,2467,2,18,0,0,2,2,2
1164,2467,2,17,0,0,2,2,2
1165,2467,2,19,2,0,2,2,2
1166,2467,2,18,0,0,2,2,2
1167,2469,0,16,0,0,2,2,2
1168,2479,2,15,0,0,2,2,2
1169,2481,1,16,-1,1,0,0,0
1170,2481,2,15,0,0,2,2,2
1171,2484,1,14,-1,0,0,0,0
1172,2488,2,17,0,0,2,2,2
1173,2488,2,17,0,0,2,2,2
1174,2488,2,16,0,0,2,2,2
1175,2488,0,15,0,0,2,2,2
1176,2490,2,17,0,0,2,2,2
1177,2490,2,17,0,0,2,2,2
1178,2505,0,12,-2,1,0,0,0
1179,2505,0,13,-1,1,0,0,0
1180,2508,1,15,-3,0,0,0,0
1181,2508,0,16,-1,0,2,2,2
1182,2517,0,14,0,1,0,0,0
1183,2521,0,14,0,1,0,0,0
1184,2521,1,15,2,1,2,2,2
1185,2521,2,15,4,1,2,2,2
1186,2529,2,17,2,1,2,2,2
1187,2529,2,16,1,1,2,2,2
1188,2529,2,14,0,1,0,0,0
1189,2529,0,14,2,1,2,2,2
1190,2533,0,15,-1,1,0,0,0
1191,2533,2,16,4,1,2,2,2
1192,2533,0,15,0,0,2,2,2
1193,2533,2,15,1,0,2,2,2
1194,2533,2,14,0,0,2,2,2
1195,2534,1,14,-1,0,0,0,0
1196,2540,0,12,-6,0,0,0,0
1197,2540,0,14,0,0,2,2,2
1198,2540,2,13,0,0,0,0,0
1199,2545,2,16,4,1,2,2,2
1200,2548,1,18,8,1,2,2,2
1201,2548,2,21,4,0,2,2,2
1202,2548,1,14,-1,0,0,0,0
1203,2548,0,14,-1,0,0,0,0
1204,2559,0,15,-2,1,0,0,0
1205,2559,0,13,-2,0,0,0,0
1206,2559,2,23,7,0,2,2,2
1207,2560,2,16,3,1,2,2,2
1208,2560,2,15,0,1,0,0,0
1209,2562,2,15,0,1,0,0,0
1210,2562,0,14,-1,0,0,0,0
1211,2562,1,15,0,0,2,2,2
1212,2565,0,16,-2,0,0,0,0
1213,2565,1,16,-1,0,2,2,2
1214,2580,2,16,2,0,2,2,2
1215,2580,0,14,0,0,2,2,2
1216,2580,0,15,2,0,2,2,2
1217,2584,0,12,0,1,0,0,0
1218,2586,2,13,0,0,0,0,0
1219,2586,2,16,3,0,2,2,2
1220,2588,0,16,2,0,2,2,2
1221,2588,2,16,3,0,2,2,2
1222,2589,0,12,-3,1,0,0,0
1223,2589,2,15,4,1,2,2,2
1224,2589,1,14,2,1,2,2,2
1225,2589,0,13,1,0,2,2,2
1226,2597,2,13,1,0,2,2,2
1227,2599,2,14,1,0,2,2,2
1228,2606,2,17,1,0,2,2,2
1229,2606,0,11,-1,0,0,0,0
1230,2607,2,19,9,0,2,2,2
1231,2607,2,15,2,0,2,2,2
1232,2608,2,14,-2,0,0,0,0
1233,2608,2,15,-1,0,0,0,0
1234,2609,2,15,-2,1,0,0,0
1235,2609,1,15,-2,1,0,0,0
1236,2609,0,14,0,0,2,2,2
1237,2610,2,18,5,1,2,2,2
1238,2610,0,18,-3,0,0,0,0
1239,2610,0,16,-2,0,0,0,0
1240,2610,2,15,-2,0,0,0,0
1241,2610,2,17,0,0,2,2,2
1242,2611,0,15,0,0,2,2,2
1243,2611,1,14,-2,0,0,0,0
1244,2613,2,17,1,1,2,2,2
1245,2613,2,17,1,1,2,2,2
1246,2613,2,17,2,1,2,2,2
1247,2613,2,16,0,0,2,2,2
1248,2621,2,17,0,1,2,2,2
1249,2621,0,14,-3,0,0,0,0
1250,2621,0,16,-1,0,2,2,2
1251,2633,2,16,3,1,2,2,2
1252,2633,0,15,2,1,2,2,2
1253,2633,2,14,3,1,2,2,2
1254,2653,2,14,0,0,2,2,2
1255,2655,1,13,-2,0,0,0,0
1256,2655,2,15,1,0,2,2,2
1257,2655,0,14,0,0,2,2,2
1258,2663,2,18,0,0,2,2,2
1259,2670,0,15,0,1,0,0,0
1260,2677,2,18,1,1,2,2,2
1261,2677,2,17,3,1,2,2,2
1262,2677,2,16,1,0,2,2,2
1263,2680,2,18,4,1,2,2,2
1264,2680,0,16,-1,1,0,0,0
1265,2680,0,16,0,1,2,2,2
1266,2680,0,15,0,1,0,0,0
1267,2680,0,15,-1,1,0,0,0
1268,2680,2,14,0,1,0,0,0
1269,2680,2,15,6,1,2,2,2
1270,2684,1,17,0,1,2,2,2
1271,2684,0,14,0,1,0,0,0
1272,2684,1,15,0,1,0,0,0
1273,2684,2,15,0,1,0,0,0
1274,2684,0,13,0,1,0,0,0
1275,2685,0,14,-3,0,0,0,0
1276,2685,2,15,0,0,2,2,2
1277,2685,0,13,-1,0,0,0,0
1278,2685,0,15,0,0,2,2,2
1279,2686,1,15,0,1,0,0,0
1280,2686,0,14,0,1,0,0,0
1281,2686,0,14,-2,0,0,0,0
1282,2689,2,16,0,0,2,2,2
1283,2689,0,14,-1,0,0,0,0
1284,2694,0,12,0,1,0,0,0
1285,2694,0,14,-1,0,0,0,0
1286,2701,0,15,-2,1,0,0,0
1287,2702,2,13,1,0,2,2,2
1288,2702,0,14,3,0,2,2,2
1289,2709,0,16,-1,0,2,2,2
1290,2709,1,15,0,0,2,2,2
1291,2709,2,14,0,0,2,2,2
1292,2711,0,15,0,0,2,2,2
1293,2711,2,14,0,0,2,2,2
1294,2711,2,17,1,0,2,2,2
1295,2719,2,18,1,0,2,2,2
1296,2727,2,16,1,1,2,2,2
1297,2727,0,16,7,1,2,2,2
1298,2728,2,16,1,0,2,2,2
1299,2730,0,14,-1,0,0,0,0
1300,2730,2,14,-1,0,0,0,0
1301,2730,1,16,0,0,2,2,2
1302,2730,0,15,0,0,2,2,2
1303,2737,2,14,0,1,0,0,0
1304,2737,2,15,4,1,2,2,2
1305,2739,0,12,-3,0,0,0,0
1306,2739,1,13,-2,0,0,0,0
1307,2755,2,17,3,0,2,2,2
1308,2755,2,13,0,0,0,0,0
1309,2755,2,15,0,0,2,2,2
1310,2757,0,11,-3,0,0,0,0
1311,2757,2,13,0,0,0,0,0
1312,2758,1,16,1,0,2,2,2
1313,2759,0,13,0,0,0,0,0
1314,2760,2,15,1,0,2,2,2
1315,2760,0,14,1,0,2,2,2
1316,2761,2,18,0,0,2,2,2
1317,2761,2,18,1,0,2,2,2
1318,2763,2,16,-1,0,2,2,2
1319,2763,0,14,-3,0,0,0,0
1320,2770,0,14,-1,1,0,0,0
1321,2770,2,14,1,1,2,2,2
1322,2781,0,12,0,0,0,0,0
1323,2784,2,14,4,1,2,2,2
1324,2784,0,16,4,0,2,2,2
1325,2784,2,13,1,0,2,2,2
1326,2790,0,14,-1,1,0,0,0
1327,2802,2,16,1,1,2,2,2
1328,2802,2,17,1,1,2,2,2
1329,2802,2,16,1,1,2,2,2
1330,2802,2,17,2,1,2,2,2
1331,2804,2,15,5,1,2,2,2
1332,2804,1,13,1,1,0,0,0
1333,2804,2,14,0,0,2,2,2
1334,2804,1,14,0,0,2,2,2
1335,2805,0,18,0,1,2,2,2
1336,2805,0,16,0,1,2,2,2
1337,2805,2,16,0,1,2,2,2
1338,2805,2,16,0,1,2,2,2
1339,2805,0,16,0,0,2,2,2
1340,2805,2,19,3,0,2,2,2
1341,2811,2,14,1,0,2,2,2
1342,2814,2,17,0,0,2,2,2
1343,2815,2,16,0,0,2,2,2
1344,2816,2,14,0,1,0,0,0
1345,2816,2,17,3,1,2,2,2
1346,2816,2,16,0,0,2,2,2
1347,2816,0,16,0,0,2,2,2
1348,2817,0,15,0,1,0,0,0
1349,2817,1,16,0,1,2,2,2
1350,2817,0,16,0,1,2,2,2
1351,2817,1,15,-2,0,0,0,0
1352,2820,2,17,0,0,2,2,2
1353,2820,2,19,2,0,2,2,2
1354,2820,2,18,1,0,2,2,2
1355,2821,0,16,-2,0,0,0,0
1356,2821,2,18,2,0,2,2,2
1357,2823,2,18,2,0,2,2,2
1358,2823,2,14,-1,0,0,0,0
1359,2823,2,16,0,0,2,2,2
1360,2823,0,18,2,0,2,2,2
1361,2827,2,17,2,0,2,2,2
1362,2827,2,16,2,0,2,2,2
1363,2830,0,13,-3,1,0,0,0
1364,2830,0,14,-3,0,0,0,0
1365,2836,0,10,-5,0,0,0,0
1366,2836,2,15,0,0,2,2,2
1367,2837,2,17,1,1,2,2,2
1368,2837,2,15,0,1,0,0,0
1369,2837,2,19,5,1,2,2,2
1370,2837,2,16,2,1,2,2,2
1371,2837,2,16,1,1,2,2,2
1372,2840,1,15,-4,0,0,0,0
1373,2841,2,14,1,0,2,2,2
1374,2859,2,17,1,0,2,2,2
1375,2859,2,17,1,0,2,2,2
1376,2861,0,13,-1,0,0,0,0
1377,2871,2,16,1,0,2,2,2
1378,2871,0,16,2,0,2,2,2
1379,2871,0,13,-1,0,0,0,0
1380,2873,0,15,-1,0,0,0,0
1381,2875,0,14,-1,0,0,0,0
1382,2875,1,14,0,0,2,2,2
1383,2883,2,15,2,1,2,2,2
1384,2883,0,16,1,1,2,2,2
1385,2883,2,18,4,1,2,2,2
1386,2885,2,16,0,1,2,2,2
1387,2885,2,16,2,1,2,2,2
1388,2885,2,16,-4,0,0,0,0
1389,2886,2,16,2,1,2,2,2
1390,2886,0,15,0,1,0,0,0
1391,2886,2,16,1,1,2,2,2
1392,2890,1,18,3,1,2,2,2
1393,2890,2,16,0,1,2,2,2
1394,2890,0,16,-1,1,0,0,0
1395,2896,0,15,-1,0,0,0,0
1396,2901,0,18,3,1,2,2,2
1397,2901,0,15,2,1,2,2,2
1398,2904,2,15,0,0,2,2,2
1399,2904,0,15,-1,0,0,0,0
1400,2910,1,15,0,0,2,2,2
1401,2915,0,16,-2,0,0,0,0
1402,2915,2,16,0,0,2,2,2
1403,2916,0,13,-2,0,0,0,0
1404,2917,0,14,0,0,2,2,2
1405,2917,2,17,5,0,2,2,2
1406,2917,2,18,6,0,2,2,2
1407,2918,0,11,-1,0,0,0,0
1408,2939,0,14,2,1,2,2,2
1409,2939,2,15,3,1,2,2,2
1410,2939,2,15,1,1,2,2,2
1411,2939,1,14,-2,0,0,0,0
1412,2939,0,15,-1,0,0,0,0
1413,2939,2,15,2,0,2,2,2
1414,2947,2,16,-1,0,2,2,2
1415,2947,1,15,-1,0,0,0,0
1416,2950,1,17,5,1,2,2,2
1417,2950,2,17,0,1,2,2,2
1418,2950,2,16,1,1,2,2,2
1419,2950,2,16,2,1,2,2,2
1420,2950,0,17,3,1,2,2,2
1421,2961,0,15,-1,1,0,0,0
1422,2961,1,13,-1,0,0,0,0
1423,2961,0,14,-1,0,0,0,0
1424,2961,2,16,0,0,2,2,2
1425,2964,0,15,0,0,2,2,2
1426,2964,2,17,1,0,2,2,2
1427,2964,2,16,2,0,2,2,2
1428,2964,2,17,3,0,2,2,2
1429,2986,2,15,0,1,0,0,0
1430,2986,0,14,0,1,0,0,0
1431,2986,2,14,0,1,0,0,0
1432,2986,0,17,5,1,2,2,2
1433,2991,2,15,2,1,2,2,2
1434,2991,0,13,-1,0,0,0,0
1435,2991,0,15,0,0,2,2,2
1436,2999,2,14,0,1,0,0,0
1437,2999,2,15,4,1,2,2,2
1438,3002,2,14,1,1,2,2,2
1439,3002,2,16,4,1,2,2,2
1440,3002,1,16,4,1,2,2,2
1441,3002,0,16,4,1,2,2,2
1442,3003,2,15,0,0,2,2,2
1443,3005,0,12,-5,0,0,0,0
1444,865,1,13,-4,0,0,0,0
1445,865,0,17,0,0,2,2,2
1446,865,0,14,-1,0,0,0,0
1447,867,0,16,0,0,2,2,2
1448,870,2,17,0,0,2,2,2
1449,881,0,14,-1,0,0,0,0
1450,883,1,15,-1,0,0,0,0
1451,883,0,16,-1,0,2,2,2
1452,891,0,14,-1,0,0,0,0
1453,891,0,16,0,0,2,2,2
1454,891,0,15,-2,0,0,0,0
1455,892,1,17,-1,0,2,2,2
1456,893,2,14,-1,0,0,0,0
1457,894,0,14,-4,0,0,0,0
1458,899,0,13,-3,0,0,0,0
1459,926,1,14,-2,0,0,0,0
1460,926,0,16,0,0,2,2,2
1461,926,2,16,1,0,2,2,2
1462,941,0,10,-4,0,0,0,0
1463,946,2,13,0,0,0,0,0
1464,947,0,8,-7,0,0,0,0
1465,947,0,9,-2,0,0,0,0
1466,947,0,8,-4,0,0,0,0
1467,947,2,12,1,0,2,2,2
1468,964,2,11,-3,0,0,0,0
1469,964,0,14,-1,0,0,0,0
1470,968,1,15,1,0,2,2,2
1471,968,2,15,0,0,2,2,2
1472,973,2,14,-2,0,0,0,0
1473,973,2,15,0,0,2,2,2
1474,976,0,14,0,0,2,2,2
1475,976,0,14,-1,0,0,0,0
1476,978,0,13,-1,0,0,0,0
1477,978,1,12,-3,0,0,0,0
1478,978,0,13,-2,0,0,0,0
1479,982,0,15,-2,0,0,0,0
1480,986,2,14,-2,0,0,0,0
1481,991,0,14,-3,0,0,0,0
1482,991,0,15,0,0,2,2,2
1483,992,2,15,0,0,2,2,2
1484,992,0,13,-1,0,0,0,0
1485,997,0,13,-2,0,0,0,0
1486,997,2,15,0,0,2,2,2
1487,997,0,14,0,0,2,2,2
1488,997,0,11,-3,0,0,0,0
1489,1003,1,15,-2,0,0,0,0
1490,1018,0,13,-6,0,0,0,0
1491,1024,0,13,-6,0,0,0,0
1492,1025,2,11,-6,0,0,0,0
1493,1032,2,17,0,0,2,2,2
1494,1032,0,15,0,0,2,2,2
1495,1032,0,16,-1,0,2,2,2
1496,1035,2,15,-3,0,0,0,0
1497,1035,0,15,-2,0,0,0,0
1498,1035,2,15,-2,0,0,0,0
1499,1035,1,14,-3,0,0,0,0
1500,1037,0,13,0,0,0,0,0
1501,1042,0,13,-4,0,0,0,0
1502,1042,0,14,-4,0,0,0,0
1503,1042,0,14,-3,0,0,0,0
1504,1046,2,14,-2,0,0,0,0
1505,1046,0,14,-1,0,0,0,0
1506,1046,2,16,0,0,2,2,2
1507,1046,0,14,-1,0,0,0,0
1508,1055,2,15,0,0,2,2,2
1509,1055,0,13,-2,0,0,0,0
1510,1100,1,12,1,0,2,2,2
1511,1101,0,13,-3,0,0,0,0
1512,1115,2,17,0,0,2,2,2
1513,1115,2,17,1,0,2,2,2
1514,1118,1,19,0,0,2,2,2
1515,1118,0,12,-3,0,0,0,0
1516,1118,0,12,-2,0,0,0,0
1517,1122,2,15,0,0,2,2,2
1518,1122,2,15,0,0,2,2,2
1519,1123,2,14,0,0,2,2,2
1520,1125,2,15,0,0,2,2,2
1521,1130,2,15,0,0,2,2,2
1522,1130,1,13,-2,0,0,0,0
1523,1133,0,15,-1,0,0,0,0
1524,1133,2,15,0,0,2,2,2
1525,1154,1,13,-1,0,0,0,0
1526,1163,0,13,-2,0,0,0,0
1527,1167,0,14,-2,0,0,0,0
1528,1172,2,13,-4,0,0,0,0
1529,1176,0,14,-2,0,0,0,0
1530,1190,0,14,-1,0,0,0,0
1531,1190,2,15,0,0,2,2,2
1532,1193,1,15,-1,0,0,0,0
1533,1215,0,9,-14,0,0,0,0
1534,1229,1,12,-7,0,0,0,0
1535,1232,0,13,-3,0,0,0,0
1536,1235,2,17,0,0,2,2,2
1537,1236,0,14,-2,0,0,0,0
1538,1236,2,16,5,0,2,2,2
1539,1236,0,14,-1,0,0,0,0
1540,1239,2,15,-7,0,0,0,0
1541,1241,2,15,0,0,2,2,2
1542,1241,0,14,-2,0,0,0,0
1543,1241,1,14,-1,0,0,0,0
1544,1241,0,15,-1,0,0,0,0
1545,1241,0,13,-1,0,0,0,0
1546,1242,0,14,-3,0,0,0,0
1547,1244,1,17,-1,0,2,2,2
1548,1245,2,13,-1,0,0,0,0
1549,1249,1,15,-2,0,0,0,0
1550,1249,2,16,0,0,2,2,2
1551,1250,0,16,0,0,2,2,2
1552,1250,2,15,-1,0,0,0,0
1553,1251,2,16,0,0,2,2,2
1554,1251,1,17,1,0,2,2,2
1555,1259,2,15,0,0,2,2,2
1556,1276,0,14,-5,0,0,0,0
1557,1276,2,13,0,0,0,0,0
1558,1277,0,12,0,0,0,0,0
1559,1291,0,13,-2,0,0,0,0
1560,1303,0,15,-3,0,0,0,0
1561,1303,0,16,-1,0,2,2,2
1562,1307,0,14,-6,0,0,0,0
1563,1307,0,15,-2,0,0,0,0
1564,1316,2,14,0,0,2,2,2
1565,1324,0,15,-1,0,0,0,0
1566,1324,0,14,-4,0,0,0,0
1567,1324,2,17,2,0,2,2,2
1568,1326,2,14,-3,0,0,0,0
1569,1344,2,18,1,0,2,2,2
1570,1344,1,15,-1,0,0,0,0
1571,1351,0,15,-1,0,0,0,0
1572,1355,0,15,-4,0,0,0,0
1573,1357,2,13,-1,0,0,0,0
1574,1360,0,13,-2,0,0,0,0
1575,1363,2,16,1,0,2,2,2
1576,1364,1,13,-4,0,0,0,0
1577,1364,0,13,-2,0,0,0,0
1578,1364,0,13,-1,0,0,0,0
1579,1364,0,13,-1,0,0,0,0
1580,1371,1,15,0,0,2,2,2
1581,1371,0,15,0,0,2,2,2
1582,1371,2,15,0,0,2,2,2
1583,1373,0,13,-3,0,0,0,0
1584,1374,0,13,-2,0,0,0,0
1585,1374,1,13,-2,0,0,0,0
1586,1377,0,8,-6,0,0,0,0
1587,1381,1,15,0,0,2,2,2
1588,1451,2,11,-1,0,0,0,0
1589,1451,0,11,0,0,0,0,0
1590,1465,0,14,-1,0,0,0,0
1591,1465,1,14,0,0,2,2,2
1592,1465,2,16,0,0,2,2,2
1593,1479,0,9,-8,0,0,0,0
1594,1482,2,14,-4,0,0,0,0
1595,1483,0,13,-3,0,0,0,0
1596,1483,0,13,-1,0,0,0,0
1597,1483,1,13,-4,0,0,0,0
1598,1484,0,15,-4,0,0,0,0
1599,1510,0,15,-1,0,0,0,0
1600,1514,2,15,-2,0,0,0,0
1601,1518,0,14,-2,0,0,0,0
1602,1526,1,15,0,0,2,2,2
1603,1526,1,14,-1,0,0,0,0
1604,1535,2,12,-2,0,0,0,0
1605,1551,0,11,-3,0,0,0,0
1606,1597,2,15,-2,0,0,0,0
1607,1597,0,15,-1,0,0,0,0
1608,1597,2,16,-1,0,2,2,2
1609,1598,1,15,-2,0,0,0,0
1610,1598,2,17,0,0,2,2,2
1611,1598,0,15,-1,0,0,0,0
1612,1603,0,15,0,0,2,2,2
1613,1604,1,16,-1,0,2,2,2
1614,1604,0,15,-2,0,0,0,0
1615,1604,1,17,0,0,2,2,2
1616,1604,2,17,0,0,2,2,2
1617,1605,2,17,0,0,2,2,2
1618,1612,2,17,0,0,2,2,2
1619,1618,2,16,0,0,2,2,2
1620,1620,0,14,-2,0,0,0,0
1621,1634,0,16,0,0,2,2,2
1622,1634,1,16,-2,0,0,0,0
1623,1636,0,14,-3,0,0,0,0
1624,1640,2,16,-2,0,0,0,0
1625,1640,2,17,0,0,2,2,2
1626,1640,2,17,0,0,2,2,2
1627,1640,0,16,0,0,2,2,2
1628,1643,0,15,-3,0,0,0,0
1629,1644,2,16,0,0,2,2,2
1630,1645,1,15,-2,0,0,0,0
1631,1645,1,14,-3,0,0,0,0
1632,1646,2,15,-3,0,0,0,0
1633,1652,1,16,-3,0,0,0,0
1634,1659,0,13,-1,0,0,0,0
1635,1661,0,15,0,0,2,2,2
1636,1661,2,14,0,0,2,2,2
1637,1661,0,14,-1,0,0,0,0
1638,1664,0,13,-2,0,0,0,0
1639,1664,1,12,-2,0,0,0,0
1640,1672,1,15,1,0,2,2,2
1641,1675,2,15,0,0,2,2,2
1642,1675,0,14,-1,0,0,0,0
1643,1675,2,14,1,0,2,2,2
1644,1694,2,17,0,0,2,2,2
1645,1694,0,17,0,0,2,2,2
1646,1703,2,16,0,0,2,2,2
1647,1703,0,16,-1,0,2,2,2
1648,1723,0,17,1,0,2,2,2
1649,1723,0,16,-1,0,2,2,2
1650,1724,0,13,-3,0,0,0,0
1651,1724,1,14,-2,0,0,0,0
1652,1724,2,16,0,0,2,2,2
1653,1728,1,16,0,0,2,2,2
1654,1729,0,14,-1,0,0,0,0
1655,1736,0,12,-4,0,0,0,0
1656,1740,0,15,0,0,2,2,2
1657,1746,1,16,0,0,2,2,2
1658,1746,2,16,0,0,2,2,2
1659,1750,0,13,-4,0,0,0,0
1660,1758,0,5,0,0,0,0,0
1661,1785,0,13,-1,0,0,0,0
1662,1791,0,15,0,0,2,2,2
1663,1816,0,12,-4,0,0,0,0
1664,1816,2,12,-4,0,0,0,0
1665,1822,0,11,-4,0,0,0,0
1666,1823,2,15,1,0,2,2,2
1667,1830,0,9,-5,0,0,0,0
1668,1831,2,15,3,0,2,2,2
1669,1863,1,13,0,0,0,0,0
1670,1876,0,14,-1,0,0,0,0
1671,1881,0,14,-2,0,0,0,0
1672,1882,2,15,0,0,2,2,2
1673,1882,0,15,-2,0,0,0,0
1674,1889,0,15,-1,0,0,0,0
1675,1902,1,15,0,0,2,2,2
1676,1904,2,14,-1,0,0,0,0
1677,1916,2,13,1,0,2,2,2
1678,1916,2,14,0,0,2,2,2
1679,1917,0,12,-1,0,0,0,0
1680,1918,0,14,0,0,2,2,2
1681,1918,2,14,2,0,2,2,2
1682,1926,0,14,0,0,2,2,2
1683,1935,2,14,0,0,2,2,2
1684,1940,0,13,-1,0,0,0,0
1685,1940,0,13,-2,0,0,0,0
1686,1996,0,13,-2,0,0,0,0
1687,2008,1,14,-4,0,0,0,0
1688,2046,2,13,0,0,0,0,0
1689,2065,0,14,-1,0,0,0,0
1690,2065,1,15,-1,0,0,0,0
1691,2077,0,13,0,0,0,0,0
1692,2086,0,13,0,0,0,0,0
1693,2097,2,14,0,0,2,2,2
1694,2105,0,12,-1,0,0,0,0
1695,2108,0,10,-2,0,0,0,0
1696,2123,2,12,-2,0,0,0,0
1697,2123,1,13,-2,0,0,0,0
1698,2146,0,16,-1,0,2,2,2
1699,2146,2,16,0,0,2,2,2
1700,2147,0,13,-1,0,0,0,0
1701,2172,0,13,-1,0,0,0,0
1702,2181,1,11,-8,0,0,0,0
1703,2197,0,15,-1,0,0,0,0
1704,2236,0,13,0,0,0,0,0
1705,2240,0,12,-4,0,0,0,0
1706,2240,0,12,-2,0,0,0,0
1707,2286,2,15,0,0,2,2,2
1708,2297,2,15,0,0,2,2,2
1709,2297,0,15,-1,0,0,0,0
1710,2314,0,15,-1,0,0,0,0
1711,2314,2,16,0,0,2,2,2
1712,2319,0,15,0,0,2,2,2
1713,2319,0,13,-3,0,0,0,0
1714,2325,0,13,0,0,0,0,0
1715,2325,0,13,0,0,0,0,0
1716,2326,0,15,-3,0,0,0,0
1717,2330,2,16,0,0,2,2,2
1718,2338,2,15,0,0,2,2,2
1719,2338,0,14,0,0,2,2,2
1720,2338,2,13,-3,0,0,0,0
1721,2358,0,11,-2,0,0,0,0
1722,2358,2,15,0,0,2,2,2
1723,2358,2,15,0,0,2,2,2
1724,2385,0,14,-1,0,0,0,0
1725,2385,0,15,0,0,2,2,2
1726,2385,0,17,1,0,2,2,2
1727,2424,0,15,0,0,2,2,2
1728,2430,2,9,-7,0,0,0,0
1729,2434,2,12,-1,0,0,0,0
1730,2438,1,12,-2,0,0,0,0
1731,2438,0,13,0,0,0,0,0
1732,2446,2,15,0,0,2,2,2
1733,2449,0,13,-2,0,0,0,0
1734,2454,1,15,0,0,2,2,2
1735,2464,0,14,-1,0,0,0,0
1736,2469,2,15,0,0,2,2,2
1737,2475,2,15,0,0,2,2,2
1738,2479,2,14,0,0,2,2,2
1739,2479,0,14,-1,0,0,0,0
1740,2479,0,16,-1,0,2,2,2
1741,2483,2,16,0,0,2,2,2
1742,2483,0,14,-3,0,0,0,0
1743,2484,0,13,-1,0,0,0,0
1744,2488,2,14,-3,0,0,0,0
1745,2488,0,15,0,0,2,2,2
1746,2488,2,15,0,0,2,2,2
1747,2489,0,15,0,0,2,2,2
1748,2489,2,16,0,0,2,2,2
1749,2489,0,15,0,0,2,2,2
1750,2490,1,16,0,0,2,2,2
1751,2508,2,19,1,0,2,2,2
1752,2533,1,15,0,0,2,2,2
1753,2533,2,13,-1,0,0,0,0
1754,2533,0,13,-1,0,0,0,0
1755,2548,0,13,-3,0,0,0,0
1756,2559,1,13,-5,0,0,0,0
1757,2580,0,15,0,0,2,2,2
1758,2588,0,12,-4,0,0,0,0
1759,2597,0,11,-1,0,0,0,0
1760,2597,0,12,1,0,2,2,2
1761,2599,0,11,-1,0,0,0,0
1762,2599,0,12,-1,0,0,0,0
1763,2601,2,16,1,0,2,2,2
1764,2601,0,13,-1,0,0,0,0
1765,2606,1,11,0,0,0,0,0
1766,2606,0,12,-2,0,0,0,0
1767,2606,0,13,-1,0,0,0,0
1768,2608,2,12,-4,0,0,0,0
1769,2608,0,12,-3,0,0,0,0
1770,2609,0,14,-5,0,0,0,0
1771,2610,2,18,0,0,2,2,2
1772,2610,1,17,0,0,2,2,2
1773,2611,0,12,-1,0,0,0,0
1774,2613,1,16,0,0,2,2,2
1775,2613,0,14,-3,0,0,0,0
1776,2619,2,14,0,0,2,2,2
1777,2619,0,13,-1,0,0,0,0
1778,2619,0,13,-1,0,0,0,0
1779,2619,0,12,-2,0,0,0,0
1780,2621,2,15,-3,0,0,0,0
1781,2624,0,14,0,0,2,2,2
1782,2633,0,14,-2,0,0,0,0
1783,2647,1,11,-4,0,0,0,0
1784,2648,2,15,-1,0,0,0,0
1785,2650,0,12,-1,0,0,0,0
1786,2653,1,10,-5,0,0,0,0
1787,2677,0,15,-3,0,0,0,0
1788,2677,2,17,0,0,2,2,2
1789,2677,2,17,3,0,2,2,2
1790,2685,0,14,0,0,2,2,2
1791,2685,2,14,0,0,2,2,2
1792,2689,2,12,-2,0,0,0,0
1793,2689,2,13,-1,0,0,0,0
1794,2689,2,14,0,0,2,2,2
1795,2702,0,11,-2,0,0,0,0
1796,2709,0,15,0,0,2,2,2
1797,2711,0,14,-1,0,0,0,0
1798,2719,0,13,-5,0,0,0,0
1799,2719,0,16,-2,0,0,0,0
1800,2721,0,14,-1,0,0,0,0
1801,2727,1,14,-1,0,0,0,0
1802,2727,0,13,-2,0,0,0,0
1803,2730,2,15,1,0,2,2,2
1804,2730,2,14,-1,0,0,0,0
1805,2755,0,11,-3,0,0,0,0
1806,2757,0,10,-3,0,0,0,0
1807,2758,2,15,0,0,2,2,2
1808,2759,2,11,-2,0,0,0,0
1809,2759,0,12,0,0,0,0,0
1810,2761,0,16,0,0,2,2,2
1811,2763,1,14,-2,0,0,0,0
1812,2765,0,11,-4,0,0,0,0
1813,2765,2,13,-1,0,0,0,0
1814,2765,0,10,-2,0,0,0,0
1815,2781,2,13,0,0,0,0,0
1816,2784,2,10,-3,0,0,0,0
1817,2784,0,12,0,0,0,0,0
1818,2784,2,15,3,0,2,2,2
1819,2805,1,11,-4,0,0,0,0
1820,2805,0,15,0,0,2,2,2
1821,2807,0,13,-1,0,0,0,0
1822,2807,1,12,-1,0,0,0,0
1823,2811,0,14,0,0,2,2,2
1824,2811,0,14,-1,0,0,0,0
1825,2814,0,14,-3,0,0,0,0
1826,2814,0,14,-2,0,0,0,0
1827,2815,0,14,0,0,2,2,2
1828,2816,2,16,1,0,2,2,2
1829,2816,2,16,1,0,2,2,2
1830,2816,0,15,0,0,2,2,2
1831,2817,0,13,-4,0,0,0,0
1832,2817,2,14,-2,0,0,0,0
1833,2820,2,15,0,0,2,2,2
1834,2820,2,16,0,0,2,2,2
1835,2820,2,17,1,0,2,2,2
1836,2821,0,15,0,0,2,2,2
1837,2823,1,14,-1,0,0,0,0
1838,2823,0,16,1,0,2,2,2
1839,2830,0,13,-5,0,0,0,0
1840,2830,2,12,-4,0,0,0,0
1841,2836,0,10,-5,0,0,0,0
1842,2836,0,13,-2,0,0,0,0
1843,2843,2,14,-2,0,0,0,0
1844,2843,0,14,-2,0,0,0,0
1845,2859,0,15,-1,0,0,0,0
1846,2861,1,12,-4,0,0,0,0
1847,2861,0,12,-2,0,0,0,0
1848,2871,2,14,0,0,2,2,2
1849,2873,1,13,0,0,0,0,0
1850,2873,0,13,-1,0,0,0,0
1851,2873,0,13,0,0,0,0,0
1852,2878,0,14,0,0,2,2,2
1853,2885,0,13,-5,0,0,0,0
1854,2896,0,14,-2,0,0,0,0
1855,2896,1,14,-1,0,0,0,0
1856,2898,2,15,0,0,2,2,2
1857,2898,2,15,0,0,2,2,2
1858,2915,2,15,-1,0,0,0,0
1859,2916,0,11,-3,0,0,0,0
1860,2917,0,10,-3,0,0,0,0
1861,2917,2,13,0,0,0,0,0
1862,2918,1,11,0,0,0,0,0
1863,2918,0,10,-2,0,0,0,0
1864,2924,2,15,-1,0,0,0,0
1865,2939,0,14,-6,0,0,0,0
1866,2940,0,12,0,0,0,0,0
1867,2946,1,13,-2,0,0,0,0
1868,2947,2,14,-2,0,0,0,0
1869,2961,0,12,-3,0,0,0,0
1870,2961,1,14,0,0,2,2,2
1871,2964,0,10,-4,0,0,0,0
1872,2964,2,15,0,0,2,2,2
1873,13,0,12,0,1,0,0,0
1874,79,0,10,-6,1,0,0,0
1875,79,2,16,8,1,2,2,2
1876,82,0,15,2,1,2,2,2
1877,95,1,13,-2,1,0,0,0
1878,111,0,13,0,1,0,0,0
1879,125,0,12,-1,1,0,0,0
1880,125,0,14,0,1,0,0,0
1881,133,0,13,-4,1,0,0,0
1882,133,0,14,1,1,2,2,2
1883,133,2,13,3,1,2,2,2
1884,133,1,15,1,1,2,2,2
1885,133,0,15,0,1,0,0,0
1886,133,0,14,-1,1,0,0,0
1887,133,2,15,3,1,2,2,2
1888,133,0,15,3,1,2,2,2
1889,139,0,12,0,1,0,0,0
1890,184,0,11,0,1,0,0,0
1891,204,1,13,-2,1,0,0,0
1892,204,0,15,3,1,2,2,2
1893,223,0,11,-1,1,0,0,0
1894,231,0,14,0,1,0,0,0
1895,240,1,13,1,1,0,0,0
1896,240,2,13,2,1,2,2,2
1897,240,0,13,0,1,0,0,0
1898,245,2,12,1,1,0,0,0
1899,245,2,11,1,1,0,0,0
1900,256,0,14,0,1,0,0,0
1901,260,0,12,0,1,0,0,0
1902,260,2,12,0,1,0,0,0
1903,260,2,10,2,1,0,0,0
1904,266,0,13,-2,1,0,0,0
1905,266,0,13,-1,1,0,0,0
1906,278,0,8,-8,1,0,0,0
1907,278,0,6,-9,1,0,0,0
1908,281,0,12,-5,1,0,0,0
1909,281,1,14,-2,1,0,0,0
1910,281,0,11,-3,1,0,0,0
1911,304,2,14,2,1,2,2,2
1912,304,2,14,-4,1,0,0,0
1913,304,0,14,-4,1,0,0,0
1914,310,0,15,0,1,0,0,0
1915,310,0,15,0,1,0,0,0
1916,310,2,16,0,1,2,2,2
1917,310,0,13,-2,1,0,0,0
1918,310,2,15,1,1,2,2,2
1919,317,2,13,0,1,0,0,0
1920,320,0,17,0,1,2,2,2
1921,320,2,15,2,1,2,2,2
1922,320,0,15,0,1,0,0,0
1923,398,0,12,-3,1,0,0,0
1924,457,0,12,0,1,0,0,0
1925,472,2,16,3,1,2,2,2
1926,488,2,14,0,1,0,0,0
1927,496,2,16,1,1,2,2,2
1928,505,1,12,2,1,2,2,2
1929,505,2,16,1,1,2,2,2
1930,522,0,14,0,1,0,0,0
1931,522,0,14,0,1,0,0,0
1932,531,0,10,-2,1,0,0,0
1933,531,0,11,-2,1,0,0,0
1934,605,0,12,-5,1,0,0,0
1935,605,0,13,-2,1,0,0,0
1936,646,0,13,-1,1,0,0,0
1937,646,2,17,2,1,2,2,2
1938,651,2,12,2,1,2,2,2
1939,652,1,14,-1,1,0,0,0
1940,652,0,10,-2,1,0,0,0
1941,652,2,14,0,1,0,0,0
1942,652,0,14,0,1,0,0,0
1943,660,0,11,-2,1,0,0,0
1944,663,0,13,-2,1,0,0,0
1945,663,0,14,0,1,0,0,0
1946,663,0,13,-2,1,0,0,0
1947,663,0,12,-2,1,0,0,0
1948,690,2,15,-2,1,0,0,0
1949,690,2,15,0,1,0,0,0
1950,690,1,17,3,1,2,2,2
1951,692,2,17,0,1,2,2,2
1952,692,0,15,-1,1,0,0,0
1953,692,2,16,0,1,2,2,2
1954,699,1,15,-1,1,0,0,0
1955,709,2,17,2,1,2,2,2
1956,709,2,14,0,1,0,0,0
1957,709,0,16,0,1,2,2,2
1958,713,2,15,-2,1,0,0,0
1959,737,2,17,2,1,2,2,2
1960,737,0,18,2,1,2,2,2
1961,756,1,15,-2,1,0,0,0
1962,773,0,14,-3,1,0,0,0
1963,780,2,16,3,1,2,2,2
1964,780,0,14,0,1,0,0,0
1965,780,2,14,7,1,2,2,2
1966,783,2,16,0,1,2,2,2
1967,783,2,15,3,1,2,2,2
1968,783,2,17,2,1,2,2,2
1969,783,0,15,0,1,0,0,0
1970,788,2,16,3,1,2,2,2
1971,788,2,16,4,1,2,2,2
1972,815,1,12,-4,1,0,0,0
1973,815,0,10,-1,1,0,0,0
1974,818,0,13,-1,1,0,0,0
1975,820,0,13,0,1,0,0,0
1976,827,0,14,-4,1,0,0,0
1977,827,0,13,-5,1,0,0,0
1978,841,0,14,1,1,2,2,2
1979,852,2,17,1,1,2,2,2
1980,852,2,16,1,1,2,2,2
1981,854,2,15,0,1,0,0,0
1982,854,0,14,0,1,0,0,0
1983,867,2,14,1,1,2,2,2
1984,870,2,14,-3,1,0,0,0
1985,870,0,13,-5,1,0,0,0
1986,870,0,10,-6,1,0,0,0
1987,870,2,17,1,1,2,2,2
1988,891,2,16,0,1,2,2,2
1989,891,0,14,-4,1,0,0,0
1990,891,0,15,-1,1,0,0,0
1991,891,2,16,0,1,2,2,2
1992,891,0,15,-2,1,0,0,0
1993,892,2,17,0,1,2,2,2
1994,894,1,17,4,1,2,2,2
1995,900,0,13,0,1,0,0,0
1996,914,2,12,-5,1,0,0,0
1997,918,0,12,-3,1,0,0,0
1998,918,2,16,2,1,2,2,2
1999,918,2,14,4,1,2,2,2
2000,927,0,11,1,1,0,0,0
2001,927,2,12,2,1,2,2,2
2002,936,0,13,-1,1,0,0,0
2003,939,0,12,-1,1,0,0,0
2004,954,0,12,-4,1,0,0,0
2005,954,1,12,-1,1,0,0,0
2006,954,0,12,0,1,0,0,0
2007,969,0,13,-2,1,0,0,0
2008,969,2,13,0,1,0,0,0
2009,969,0,13,-2,1,0,0,0
2010,969,0,11,-1,1,0,0,0
2011,969,2,13,0,1,0,0,0
2012,982,0,13,-2,1,0,0,0
2013,982,2,15,0,1,0,0,0
2014,986,2,14,3,1,2,2,2
2015,1019,0,16,0,1,2,2,2
2016,1019,1,15,0,1,0,0,0
2017,1031,1,15,-1,1,0,0,0
2018,1034,2,14,0,1,0,0,0
2019,1034,0,12,-1,1,0,0,0
2020,1034,0,12,-1,1,0,0,0
2021,1034,2,14,0,1,0,0,0
2022,1035,0,15,0,1,0,0,0
2023,1045,0,10,-2,1,0,0,0
2024,1045,1,13,2,1,2,2,2
2025,1054,0,14,-1,1,0,0,0
2026,1059,2,12,-1,1,0,0,0
2027,1059,0,12,-1,1,0,0,0
2028,1069,2,11,2,1,0,0,0
2029,1069,0,13,0,1,0,0,0
2030,1071,2,13,2,1,2,2,2
2031,1071,2,13,1,1,0,0,0
2032,1091,2,11,-2,1,0,0,0
2033,1091,2,12,0,1,0,0,0
2034,1091,0,12,0,1,0,0,0
2035,1091,0,11,0,1,0,0,0
2036,1101,0,14,0,1,0,0,0
2037,1101,0,13,0,1,0,0,0
2038,1101,2,14,3,1,2,2,2
2039,1115,0,16,-8,1,0,0,0
2040,1115,1,15,0,1,0,0,0
2041,1115,0,14,0,1,0,0,0
2042,1115,1,15,1,1,2,2,2
2043,1115,2,15,8,1,2,2,2
2044,1118,0,14,6,1,2,2,2
2045,1138,0,16,-2,1,0,0,0
2046,1149,0,15,0,1,0,0,0
2047,1151,0,14,0,1,0,0,0
2048,1151,0,13,-1,1,0,0,0
2049,1151,0,14,0,1,0,0,0
2050,1151,0,13,1,1,0,0,0
2051,1151,2,13,1,1,0,0,0
2052,1163,0,12,0,1,0,0,0
2053,1171,1,10,-5,1,0,0,0
2054,1171,0,14,0,1,0,0,0
2055,1171,0,12,0,1,0,0,0
2056,1171,2,10,0,1,0,0,0
2057,1172,2,14,3,1,2,2,2
2058,1186,0,14,-2,1,0,0,0
2059,1186,2,14,0,1,0,0,0
2060,1193,1,16,1,1,2,2,2
2061,1193,2,15,1,1,2,2,2
2062,1225,0,12,-1,1,0,0,0
2063,1228,0,13,-2,1,0,0,0
2064,1229,0,11,-5,1,0,0,0
2065,1229,1,11,-4,1,0,0,0
2066,1229,0,9,-4,1,0,0,0
2067,1235,0,14,-2,1,0,0,0
2068,1242,2,16,-3,1,0,0,0
2069,1244,0,15,0,1,0,0,0
2070,1244,2,17,2,1,2,2,2
2071,1249,1,16,0,1,2,2,2
2072,1250,0,16,0,1,2,2,2
2073,1250,0,13,-3,1,0,0,0
2074,1250,0,14,3,1,2,2,2
2075,1292,0,13,-1,1,0,0,0
2076,1292,0,14,0,1,0,0,0
2077,1301,0,14,-1,1,0,0,0
2078,1301,2,12,0,1,0,0,0
2079,1301,0,13,-1,1,0,0,0
2080,1301,1,12,0,1,0,0,0
2081,1303,2,16,2,1,2,2,2
2082,1308,1,17,0,1,2,2,2
2083,1308,0,15,-2,1,0,0,0
2084,1308,2,15,2,1,2,2,2
2085,1316,2,16,2,1,2,2,2
2086,1316,2,17,2,1,2,2,2
2087,1326,1,16,0,1,2,2,2
2088,1326,2,16,0,1,2,2,2
2089,1357,0,14,0,1,0,0,0
2090,1363,0,15,0,1,0,0,0
2091,1363,2,15,2,1,2,2,2
2092,1363,0,16,3,1,2,2,2
2093,1381,2,14,1,1,2,2,2
2094,1395,2,14,0,1,0,0,0
2095,1398,0,11,-2,1,0,0,0
2096,1398,0,12,-1,1,0,0,0
2097,1476,0,13,0,1,0,0,0
2098,1476,2,14,0,1,0,0,0
2099,1476,2,13,2,1,2,2,2
2100,1478,0,16,0,1,2,2,2
2101,1478,1,15,-1,1,0,0,0
2102,1478,2,18,6,1,2,2,2
2103,1482,2,13,0,1,0,0,0
2104,1489,1,15,-1,1,0,0,0
2105,1489,0,16,-3,1,0,0,0
2106,1489,2,15,2,1,2,2,2
2107,1489,1,11,-4,1,0,0,0
2108,1492,2,15,-1,1,0,0,0
2109,1492,2,15,5,1,2,2,2
2110,1499,0,15,1,1,2,2,2
2111,1521,0,16,0,1,2,2,2
2112,1529,0,14,-1,1,0,0,0
2113,1559,0,13,-2,1,0,0,0
2114,1559,2,13,1,1,0,0,0
2115,1571,1,12,-2,1,0,0,0
2116,1571,2,11,-2,1,0,0,0
2117,1597,0,15,0,1,0,0,0
2118,1603,2,17,0,1,2,2,2
2119,1605,1,15,-2,1,0,0,0
2120,1605,1,17,4,1,2,2,2
2121,1610,0,18,0,1,2,2,2
2122,1610,2,19,0,1,2,2,2
2123,1633,2,16,0,1,2,2,2
2124,1633,2,16,0,1,2,2,2
2125,1636,0,14,0,1,0,0,0
2126,1636,1,14,0,1,0,0,0
2127,1636,0,14,-1,1,0,0,0
2128,1664,0,15,3,1,2,2,2
2129,1664,2,15,2,1,2,2,2
2130,1669,0,15,0,1,0,0,0
2131,1672,2,14,0,1,0,0,0
2132,1675,0,14,0,1,0,0,0
2133,1680,2,15,0,1,0,0,0
2134,1686,0,13,-1,1,0,0,0
2135,1686,0,13,-1,1,0,0,0
2136,1686,2,13,0,1,0,0,0
2137,1686,1,14,1,1,2,2,2
2138,1686,2,13,0,1,0,0,0
2139,1693,2,17,2,1,2,2,2
2140,1693,2,15,2,1,2,2,2
2141,1693,2,19,1,1,2,2,2
2142,1694,2,17,0,1,2,2,2
2143,1694,2,16,0,1,2,2,2
2144,1703,0,15,1,1,2,2,2
2145,1703,2,15,1,1,2,2,2
2146,1711,0,17,0,1,2,2,2
2147,1711,2,16,1,1,2,2,2
2148,1720,2,16,0,1,2,2,2
2149,1733,0,16,0,1,2,2,2
2150,1733,1,16,0,1,2,2,2
2151,1733,2,17,0,1,2,2,2
2152,1739,0,15,1,1,2,2,2
2153,1749,2,16,0,1,2,2,2
2154,1749,2,17,0,1,2,2,2
2155,1757,0,4,-12,1,0,0,0
2156,1757,0,4,-11,1,0,0,0
2157,1757,0,4,-11,1,0,0,0
2158,1762,0,6,-1,1,0,0,0
2159,1778,1,15,-2,1,0,0,0
2160,1778,0,15,-1,1,0,0,0
2161,1778,2,14,1,1,2,2,2
2162,1783,0,14,-1,1,0,0,0
2163,1783,0,14,-2,1,0,0,0
2164,1801,2,17,1,1,2,2,2
2165,1802,0,14,0,1,0,0,0
2166,1823,2,14,0,1,0,0,0
2167,1823,0,14,0,1,0,0,0
2168,1831,2,15,11,1,2,2,2
2169,1835,0,12,-2,1,0,0,0
2170,1854,1,12,-4,1,0,0,0
2171,1860,2,12,1,1,0,0,0
2172,1860,2,14,1,1,2,2,2
2173,1860,2,14,2,1,2,2,2
2174,1873,0,16,0,1,2,2,2
2175,1873,0,14,-2,1,0,0,0
2176,1873,2,17,-1,1,2,2,2
2177,1873,0,16,0,1,2,2,2
2178,1873,2,16,0,1,2,2,2
2179,1880,1,15,-2,1,0,0,0
2180,1889,0,16,0,1,2,2,2
2181,1889,0,15,0,1,0,0,0
2182,1915,0,10,-2,1,0,0,0
2183,1915,0,11,-3,1,0,0,0
2184,1915,0,12,-2,1,0,0,0
2185,1935,2,14,4,1,2,2,2
2186,1935,2,12,1,1,0,0,0
2187,1940,0,12,-1,1,0,0,0
2188,1962,2,15,0,1,0,0,0
2189,1962,0,15,-1,1,0,0,0
2190,1962,1,16,1,1,2,2,2
2191,1966,2,18,0,1,2,2,2
2192,1966,1,18,0,1,2,2,2
2193,1966,2,19,2,1,2,2,2
2194,1966,2,18,1,1,2,2,2
2195,1966,0,16,0,1,2,2,2
2196,1966,2,19,1,1,2,2,2
2197,1966,0,17,1,1,2,2,2
2198,1966,2,19,2,1,2,2,2
2199,1966,2,19,2,1,2,2,2
2200,1966,0,19,3,1,2,2,2
2201,1986,2,15,0,1,0,0,0
2202,1996,0,15,0,1,0,0,0
2203,2043,1,14,0,1,0,0,0
2204,2056,0,15,0,1,0,0,0
2205,2056,2,16,2,1,2,2,2
2206,2062,2,14,-1,1,0,0,0
2207,2062,0,14,0,1,0,0,0
2208,2062,2,14,0,1,0,0,0
2209,2086,0,13,-1,1,0,0,0
2210,2097,0,12,-2,1,0,0,0
2211,2102,0,13,0,1,0,0,0
2212,2129,0,12,0,1,0,0,0
2213,2136,0,12,-1,1,0,0,0
2214,2136,0,12,-2,1,0,0,0
2215,2136,1,13,-1,1,0,0,0
2216,2136,0,12,-2,1,0,0,0
2217,2136,2,12,1,1,0,0,0
2218,2137,2,14,0,1,0,0,0
2219,2137,0,13,0,1,0,0,0
2220,2137,0,13,0,1,0,0,0
2221,2138,0,12,-3,1,0,0,0
2222,2147,0,14,-1,1,0,0,0
2223,2153,2,15,0,1,0,0,0
2224,2153,0,17,4,1,2,2,2
2225,2153,1,16,1,1,2,2,2
2226,2162,2,13,0,1,0,0,0
2227,2162,0,13,0,1,0,0,0
2228,2162,2,13,0,1,0,0,0
2229,2162,2,13,1,1,0,0,0
2230,2165,0,14,0,1,0,0,0
2231,2165,2,13,0,1,0,0,0
2232,2170,0,14,0,1,0,0,0
2233,2170,2,14,0,1,0,0,0
2234,2170,2,14,0,1,0,0,0
2235,2172,2,16,1,1,2,2,2
2236,2172,1,15,0,1,0,0,0
2237,2178,0,12,-1,1,0,0,0
2238,2181,0,13,-3,1,0,0,0
2239,2190,0,14,0,1,0,0,0
2240,2190,2,12,-2,1,0,0,0
2241,2197,2,16,0,1,2,2,2
2242,2197,0,16,0,1,2,2,2
2243,2218,0,14,-1,1,0,0,0
2244,2218,0,15,-1,1,0,0,0
2245,2218,1,15,0,1,0,0,0
2246,2218,0,14,0,1,0,0,0
2247,2220,0,13,-1,1,0,0,0
2248,2220,2,13,0,1,0,0,0
2249,2237,0,13,-3,1,0,0,0
2250,2237,0,13,-3,1,0,0,0
2251,2237,0,13,-2,1,0,0,0
2252,2239,1,12,4,1,2,2,2
2253,2250,0,14,0,1,0,0,0
2254,2263,0,13,0,1,0,0,0
2255,2280,1,14,0,1,0,0,0
2256,2296,1,15,2,1,2,2,2
2257,2311,2,15,0,1,0,0,0
2258,2311,1,13,-1,1,0,0,0
2259,2311,2,17,1,1,2,2,2
2260,2311,1,15,-2,1,0,0,0
2261,2316,0,13,0,1,0,0,0
2262,2326,0,14,-1,1,0,0,0
2263,2330,2,17,4,1,2,2,2
2264,2336,0,15,-1,1,0,0,0
2265,2351,0,12,0,1,0,0,0
2266,2351,2,15,-1,1,0,0,0
2267,2351,0,12,0,1,0,0,0
2268,2359,2,13,-1,1,0,0,0
2269,2366,1,14,0,1,0,0,0
2270,2366,0,14,-2,1,0,0,0
2271,2382,0,14,-2,1,0,0,0
2272,2382,0,14,2,1,2,2,2
2273,2388,2,16,2,1,2,2,2
2274,2388,2,16,2,1,2,2,2
2275,2391,2,14,2,1,2,2,2
2276,2399,2,14,0,1,0,0,0
2277,2399,0,13,-1,1,0,0,0
2278,2399,2,14,-1,1,0,0,0
2279,2399,0,14,1,1,2,2,2
2280,2417,1,13,0,1,0,0,0
2281,2417,0,12,0,1,0,0,0
2282,2417,0,13,0,1,0,0,0
2283,2417,2,14,0,1,0,0,0
2284,2421,1,15,0,1,0,0,0
2285,2424,1,15,0,1,0,0,0
2286,2424,2,13,4,1,2,2,2
2287,2428,0,13,0,1,0,0,0
2288,2428,2,11,-3,1,0,0,0
2289,2428,2,14,0,1,0,0,0
2290,2464,0,13,0,1,0,0,0
2291,2465,0,14,0,1,0,0,0
2292,2465,0,14,0,1,0,0,0
2293,2466,0,14,-2,1,0,0,0
2294,2466,0,13,-3,1,0,0,0
2295,2467,2,16,1,1,2,2,2
2296,2467,0,16,3,1,2,2,2
2297,2479,1,16,0,1,2,2,2
2298,2479,2,15,2,1,2,2,2
2299,2505,1,11,-3,1,0,0,0
2300,2517,0,13,0,1,0,0,0
2301,2517,2,13,1,1,0,0,0
2302,2517,1,14,2,1,2,2,2
2303,2521,2,15,0,1,0,0,0
2304,2529,2,13,-1,1,0,0,0
2305,2529,0,13,0,1,0,0,0
2306,2548,2,15,2,1,2,2,2
2307,2560,0,13,-1,1,0,0,0
2308,2560,2,15,0,1,0,0,0
2309,2596,0,14,-2,1,0,0,0
2310,2596,0,14,-1,1,0,0,0
2311,2610,1,14,0,1,0,0,0
2312,2610,1,15,2,1,2,2,2
2313,2621,1,16,0,1,2,2,2
2314,2633,0,14,1,1,2,2,2
2315,2633,2,14,1,1,2,2,2
2316,2633,2,13,5,1,2,2,2
2317,2647,1,13,-4,1,0,0,0
2318,2647,0,13,-3,1,0,0,0
2319,2647,0,15,-1,1,0,0,0
2320,2647,0,15,0,1,0,0,0
2321,2647,2,15,3,1,2,2,2
2322,2647,2,15,2,1,2,2,2
2323,2677,2,17,2,1,2,2,2
2324,2680,1,14,-2,1,0,0,0
2325,2680,0,16,0,1,2,2,2
2326,2680,0,15,0,1,0,0,0
2327,2680,2,15,0,1,0,0,0
2328,2684,0,13,-1,1,0,0,0
2329,2684,0,13,0,1,0,0,0
2330,2684,0,13,-1,1,0,0,0
2331,2684,2,14,3,1,2,2,2
2332,2686,0,13,1,1,0,0,0
2333,2694,0,12,-4,1,0,0,0
2334,2721,2,13,5,1,2,2,2
2335,2728,1,13,-5,1,0,0,0
2336,2728,1,17,3,1,2,2,2
2337,2728,0,12,-3,1,0,0,0
2338,2737,2,15,1,1,2,2,2
2339,2741,2,15,2,1,2,2,2
2340,2758,0,14,0,1,0,0,0
2341,2770,1,10,-5,1,0,0,0
2342,2774,0,12,2,1,2,2,2
2343,2774,2,12,2,1,2,2,2
2344,2779,2,11,-3,1,0,0,0
2345,2779,0,10,-2,1,0,0,0
2346,2790,0,12,-3,1,0,0,0
2347,2790,0,13,-2,1,0,0,0
2348,2790,2,12,2,1,2,2,2
2349,2804,2,14,2,1,2,2,2
2350,2805,1,13,-3,1,0,0,0
2351,2805,0,15,0,1,0,0,0
2352,2817,0,15,0,1,0,0,0
2353,2817,2,15,0,1,0,0,0
2354,2817,0,15,-1,1,0,0,0
2355,2817,0,14,-1,1,0,0,0
2356,2837,0,15,1,1,2,2,2
2357,2837,1,15,-2,1,0,0,0
2358,2837,0,15,-1,1,0,0,0
2359,2837,2,17,1,1,2,2,2
2360,2837,1,17,2,1,2,2,2
2361,2837,2,15,0,1,0,0,0
2362,2837,2,17,5,1,2,2,2
2363,2878,0,12,-2,1,0,0,0
2364,2883,0,14,0,1,0,0,0
2365,2883,0,12,0,1,0,0,0
2366,2883,2,14,0,1,0,0,0
2367,2883,2,15,0,1,0,0,0
2368,2883,0,12,0,1,0,0,0
2369,2885,0,15,0,1,0,0,0
2370,2885,2,16,6,1,2,2,2
2371,2885,2,14,0,1,0,0,0
2372,2885,1,16,5,1,2,2,2
2373,2885,2,15,4,1,2,2,2
2374,2886,2,14,0,1,0,0,0
2375,2886,2,15,2,1,2,2,2
2376,2890,2,16,1,1,2,2,2
2377,2890,0,14,-2,1,0,0,0
2378,2890,2,14,-1,1,0,0,0
2379,2890,1,14,-1,1,0,0,0
2380,2901,1,13,-3,1,0,0,0
2381,2901,0,10,-4,1,0,0,0
2382,2901,0,13,0,1,0,0,0
2383,2916,1,14,0,1,0,0,0
2384,2917,1,14,4,1,2,2,2
2385,2924,2,19,2,1,2,2,2
2386,2924,2,16,0,1,2,2,2
2387,2924,2,19,3,1,2,2,2
2388,2946,0,14,-1,1,0,0,0
2389,2950,0,14,0,1,0,0,0
2390,2950,1,15,3,1,2,2,2
2391,2950,2,14,1,1,2,2,2
2392,2950,2,14,0,1,0,0,0
2393,2950,2,14,3,1,2,2,2
2394,2986,0,11,0,1,0,0,0
2395,2989,1,13,-1,1,0,0,0
2396,2999,0,13,1,1,0,0,0
2397,2999,2,13,1,1,0,0,0
2398,3002,0,13,0,1,0,0,0
2399,3002,2,15,3,1,2,2,2
2400,3002,1,15,4,1,2,2,2
